timestamp,seed,role,N,grid,energy,min_distance,time,iterations,ram_free_gb,ssd_free_gb,gpu_temp,jump_attempt,last_stable,border_06
2026-02-13T16:38:56,7777,planner,76,16³,13780.37,0.06,0.181,260,1.21,30.39,,1,75,
2026-02-13T16:40:19,7777,planner,77,16³,14786.04,0.06,0.225,270,1.22,30.39,,1,76,76
2026-02-13T16:41:36,7777,planner,78,16³,14869.25,0.06,0.208,280,1.17,30.39,,1,77,77
2026-02-13T16:43:02,7777,planner,80,16³,14769.97,0.06,0.22,300,1.2,30.39,,2,78,78
2026-02-13T16:44:31,7777,planner,82,16³,15170.74,0.0,0.231,320,1.22,30.39,,2,80,80
2026-02-13T16:46:31,7777,planner,80,16³,14824.15,0.0,0.204,300,1.21,30.39,,2,80,80
2026-02-13T16:48:31,7777,planner,80,16³,14889.69,0.0,0.24,300,1.21,30.39,,3,80,80
2026-02-13T16:50:32,7777,planner,80,16³,15251.74,0.0,0.231,300,1.19,30.39,,4,80,80
2026-02-13T16:52:32,7777,planner,80,16³,13906.91,0.0,0.231,300,1.1,30.39,,5,80,80
2026-02-13T16:54:32,7777,planner,80,16³,14544.64,0.0,0.241,300,1.17,30.39,,6,80,80
2026-02-13T16:56:33,7777,planner,80,16³,15628.45,0.0,0.218,300,1.34,30.39,,7,80,80
2026-02-13T16:58:33,7777,planner,80,16³,15437.09,0.06,0.364,300,1.35,30.39,,8,80,80
2026-02-13T17:00:03,7777,planner,88,16³,16925.75,0.0,0.266,380,1.33,30.39,,8,80,80
2026-02-13T17:02:03,7777,planner,80,16³,13758.28,0.0,0.226,300,1.26,30.39,,2,80,80
2026-02-13T17:04:04,7777,planner,80,16³,13987.66,0.0,0.357,300,1.29,30.39,,3,80,80
2026-02-13T17:06:04,7777,planner,80,16³,15280.17,0.06,0.235,300,1.38,30.39,,4,80,80
2026-02-13T17:07:33,7777,planner,84,16³,14416.25,0.0,0.234,340,0.85,29.96,,4,80,80
2026-02-13T17:09:34,7777,planner,80,16³,15067.87,0.0,0.243,300,0.87,29.82,,2,80,80
2026-02-13T17:11:34,7777,planner,80,16³,14862.48,0.0,0.199,300,1.08,29.83,,3,80,80
2026-02-13T17:13:34,7777,planner,80,16³,14854.36,0.06,0.212,300,1.16,29.83,,4,80,80
2026-02-13T17:15:03,7777,planner,84,16³,15543.03,0.0,0.216,340,1.18,29.83,,4,80,80
2026-02-13T17:17:03,7777,planner,80,16³,15096.02,0.0,0.219,300,0.93,29.82,,2,80,80
2026-02-13T17:19:03,7777,planner,80,16³,14719.86,0.06,0.212,300,0.94,29.82,,3,80,80
2026-02-13T17:20:32,7777,planner,83,16³,15984.11,0.06,0.224,330,1.06,29.82,,3,80,80
2026-02-13T17:21:55,7777,planner,86,16³,15592.9,0.0,0.263,360,1.33,29.84,,3,83,83
2026-02-13T17:23:56,7777,planner,83,16³,14576.22,0.06,0.237,330,1.35,29.84,,2,83,83
2026-02-13T17:25:27,7777,planner,85,16³,16072.21,0.0,0.241,350,1.33,29.84,,2,83,83
2026-02-13T17:27:28,7777,planner,83,16³,14785.72,0.0,0.36,330,1.34,29.84,,2,83,83
2026-02-13T17:29:28,7777,planner,83,16³,15556.04,0.06,0.305,330,1.33,29.84,,3,83,83
2026-02-13T17:31:00,7777,planner,86,16³,15458.05,0.0,0.277,360,1.32,29.84,,3,83,83
2026-02-13T17:33:01,7777,planner,83,16³,15961.78,0.06,0.22,330,1.32,29.84,,2,83,83
2026-02-13T17:34:33,7777,planner,85,16³,16063.63,0.0,0.283,350,1.32,29.84,,2,83,83
2026-02-13T17:36:34,7777,planner,83,16³,15506.88,0.0,0.229,330,1.3,29.84,,2,83,83
2026-02-13T17:38:34,7777,planner,83,16³,15695.49,0.06,0.241,330,1.31,29.84,,3,83,83
2026-02-13T17:40:06,7777,planner,86,16³,15711.63,0.0,0.283,360,1.32,29.84,,3,83,83
2026-02-13T17:42:07,7777,planner,83,16³,15550.84,0.0,0.265,330,1.32,29.84,,2,83,83
2026-02-13T17:44:07,7777,planner,83,16³,14960.02,0.06,0.282,330,1.32,29.84,,3,83,83
2026-02-13T17:45:39,7777,planner,86,16³,15075.66,0.06,0.199,360,1.32,29.84,,3,83,83
2026-02-13T17:47:04,7777,planner,89,16³,16460.58,0.0,0.211,390,1.32,29.84,,3,86,86
2026-02-13T17:49:04,7777,planner,86,16³,16152.56,0.0,0.305,360,1.31,29.84,,2,86,86
2026-02-13T17:51:05,7777,planner,86,16³,15174.54,0.0,0.235,360,1.31,29.84,,3,86,86
2026-02-13T17:53:05,7777,planner,86,16³,15153.02,0.0,0.278,360,1.34,29.84,,4,86,86
2026-02-13T17:55:05,7777,planner,86,16³,15503.22,0.0,0.197,360,1.32,29.84,,5,86,86
2026-02-13T17:57:06,7777,planner,86,16³,16821.11,0.0,0.275,360,1.32,29.84,,6,86,86
2026-02-13T17:59:06,7777,planner,86,16³,15193.26,0.0,0.197,360,1.32,29.84,,7,86,86
2026-02-13T18:01:07,7777,planner,86,16³,15987.2,0.0,0.245,360,1.32,29.84,,8,86,86
2026-02-13T18:03:07,7777,planner,86,16³,16454.82,0.0,0.223,360,1.32,29.84,,9,86,86
2026-02-13T18:05:07,7777,planner,86,16³,16197.83,0.06,0.314,360,1.36,29.84,,10,86,86
2026-02-13T18:06:44,7777,planner,96,16³,17661.69,0.0,0.316,460,1.35,29.84,,10,86,86
2026-02-13T18:08:44,7777,planner,86,16³,14973.36,0.0,0.249,360,1.38,29.84,,2,86,86
2026-02-13T18:10:45,7777,planner,86,16³,16374.17,0.0,0.227,360,1.35,29.84,,3,86,86
2026-02-13T18:12:45,7777,planner,86,16³,15919.74,0.0,0.232,360,1.25,29.84,,4,86,86
2026-02-13T18:14:45,7777,planner,86,16³,15326.07,0.0,0.229,360,1.24,29.84,,5,86,86
2026-02-13T18:16:46,7777,planner,86,16³,16180.24,0.0,0.343,360,1.33,29.84,,6,86,86
2026-02-13T18:18:46,7777,planner,86,16³,15634.07,0.06,0.23,360,1.26,29.84,,7,86,86
2026-02-13T18:20:22,7777,planner,93,16³,17384.95,0.0,0.292,430,1.28,29.84,,7,86,86
2026-02-13T18:22:22,7777,planner,86,16³,14749.45,0.0,0.3,360,1.28,29.84,,2,86,86
2026-02-13T18:24:22,7777,planner,86,16³,15277.7,0.06,0.244,360,1.26,29.84,,3,86,86
2026-02-13T18:25:58,7777,planner,89,16³,16195.41,0.0,0.222,390,1.33,29.84,,3,86,86
2026-02-13T18:27:58,7777,planner,86,16³,16225.52,0.0,0.299,360,1.3,29.84,,2,86,86
2026-02-13T18:29:58,7777,planner,86,16³,16127.31,0.06,0.235,360,1.42,29.84,,3,86,86
2026-02-13T18:31:35,7777,planner,89,16³,16457.44,0.0,0.3,390,1.41,29.84,,3,86,86
2026-02-13T18:33:35,7777,planner,86,16³,14632.39,0.0,0.211,360,1.41,29.84,,2,86,86
2026-02-13T18:35:36,7777,planner,86,16³,16281.65,0.0,0.211,360,1.4,29.84,,3,86,86
2026-02-13T18:37:36,7777,planner,86,16³,16455.43,0.06,0.322,360,1.4,29.84,,4,86,86
2026-02-13T18:39:12,7777,planner,90,16³,17300.0,0.06,0.325,400,1.39,29.84,,4,86,86
2026-02-13T18:40:44,7777,planner,94,16³,16367.33,0.0,0.289,440,1.4,29.84,,4,90,90
2026-02-13T18:42:44,7777,planner,90,16³,15819.74,0.0,0.286,400,1.4,29.84,,2,90,90
2026-02-13T18:44:45,7777,planner,90,16³,15875.0,0.0,0.273,400,1.4,29.84,,3,90,90
2026-02-13T18:46:45,7777,planner,90,16³,16239.62,0.0,0.238,400,1.4,29.84,,4,90,90
2026-02-13T18:48:45,7777,planner,90,16³,15933.04,0.06,0.269,400,1.41,29.84,,5,90,90
2026-02-13T18:50:25,7777,planner,95,16³,19263.03,0.0,0.294,450,1.4,29.84,,5,90,90
2026-02-13T18:52:25,7777,planner,90,16³,16706.99,0.0,0.221,400,1.4,29.84,,2,90,90
2026-02-13T18:54:26,7777,planner,90,16³,15933.14,0.0,0.194,400,1.39,29.84,,3,90,90
2026-02-13T18:56:26,7777,planner,90,16³,17076.39,0.06,0.244,400,1.25,29.84,,4,90,90
2026-02-13T18:58:08,7777,planner,94,16³,17020.15,0.0,0.251,440,1.27,29.84,,4,90,90
2026-02-13T19:00:08,7777,planner,90,16³,16737.85,0.0,0.28,400,1.27,29.84,,2,90,90
2026-02-13T19:02:09,7777,planner,90,16³,16479.55,0.0,0.245,400,1.33,29.84,,3,90,90
2026-02-13T19:04:09,7777,planner,90,16³,16809.41,0.0,0.205,400,1.33,29.84,,4,90,90
2026-02-13T19:06:10,7777,planner,90,16³,15846.78,0.0,0.22,400,1.33,29.84,,5,90,90
2026-02-13T19:08:10,7777,planner,90,16³,15775.93,0.0,0.242,400,1.33,29.84,,6,90,90
2026-02-13T19:10:10,7777,planner,90,16³,15136.71,0.06,0.317,400,1.36,29.84,,7,90,90
2026-02-13T19:11:49,7777,planner,97,16³,17888.89,0.0,0.305,470,1.36,29.84,,7,90,90
2026-02-13T19:13:49,7777,planner,90,16³,15938.67,0.0,0.407,400,1.36,29.84,,2,90,90
2026-02-13T19:15:50,7777,planner,90,16³,17141.2,0.06,0.265,400,1.36,29.84,,3,90,90
2026-02-13T19:17:31,7777,planner,93,16³,17315.54,0.0,0.196,430,1.38,29.84,,3,90,90
2026-02-13T19:19:31,7777,planner,90,16³,16618.18,0.0,0.232,400,1.35,29.84,,2,90,90
2026-02-13T19:21:32,7777,planner,90,16³,16529.17,0.0,0.24,400,1.35,29.84,,3,90,90
2026-02-13T19:23:32,7777,planner,90,16³,16659.37,0.0,0.211,400,1.34,29.84,,4,90,90
2026-02-13T19:25:32,7777,planner,90,16³,15758.6,0.0,0.282,400,1.35,29.84,,5,90,90
2026-02-13T19:27:33,7777,planner,90,16³,17060.63,0.0,0.299,400,1.36,29.84,,6,90,90
2026-02-13T19:29:33,7777,planner,90,16³,15055.73,0.0,0.273,400,1.35,29.84,,7,90,90
2026-02-13T19:31:34,7777,planner,90,16³,16627.5,0.06,0.212,400,1.35,29.84,,8,90,90
2026-02-13T19:33:14,7777,planner,98,16³,18603.13,0.0,0.265,480,1.3,29.84,,8,90,90
2026-02-13T19:35:15,7777,planner,90,16³,16214.8,0.0,0.355,400,1.31,29.84,,2,90,90
2026-02-13T19:37:15,7777,planner,90,16³,15847.85,0.0,0.277,400,1.31,29.84,,3,90,90
2026-02-13T19:39:16,7777,planner,90,16³,16409.69,0.0,0.235,400,1.31,29.84,,4,90,90
2026-02-13T19:41:16,7777,planner,90,16³,17117.17,0.0,0.223,400,1.32,29.84,,5,90,90
2026-02-13T19:43:16,7777,planner,90,16³,15578.13,0.0,0.235,400,1.32,29.84,,6,90,90
2026-02-13T19:45:17,7777,planner,90,16³,16207.22,0.0,0.265,400,1.31,29.84,,7,90,90
2026-02-13T19:47:17,7777,planner,90,16³,16638.77,0.0,0.253,400,1.31,29.84,,8,90,90
2026-02-13T19:49:18,7777,planner,90,16³,17493.01,0.0,0.387,400,1.32,29.84,,9,90,90
2026-02-13T19:51:18,7777,planner,90,16³,16434.15,0.0,0.292,400,1.32,29.84,,10,90,90
2026-02-13T19:53:19,7777,planner,90,16³,16637.57,0.0,0.253,400,1.31,29.84,,11,90,90
2026-02-13T19:55:19,7777,planner,90,16³,16793.29,0.0,0.309,400,1.29,29.84,,12,90,90
2026-02-13T19:57:19,7777,planner,90,16³,16435.73,0.0,0.22,400,1.32,29.84,,13,90,90
2026-02-13T19:59:20,7777,planner,90,16³,17024.16,0.0,0.218,400,1.32,29.84,,14,90,90
2026-02-13T20:01:20,7777,planner,90,16³,18112.79,0.06,0.262,400,1.33,29.84,,15,90,90
2026-02-13T20:03:02,7777,planner,100,16³,19693.43,0.0,0.255,500,1.37,29.84,,15,90,90
2026-02-13T20:05:03,7777,planner,90,16³,17476.74,0.0,0.289,400,1.37,29.84,,2,90,90
2026-02-13T20:07:03,7777,planner,90,16³,16831.83,0.06,0.311,400,1.37,29.84,,3,90,90
2026-02-13T20:08:45,7777,planner,93,16³,17800.07,0.06,0.286,430,1.36,29.84,,3,90,90
2026-02-13T20:10:19,7777,planner,96,16³,16755.21,0.0,0.267,460,1.37,29.84,,3,93,93
2026-02-13T20:12:20,7777,planner,93,16³,17983.13,0.0,0.298,430,1.37,29.84,,2,93,93
2026-02-13T20:14:20,7777,planner,93,16³,16849.9,0.06,0.241,430,1.32,29.84,,3,93,93
2026-02-13T20:16:04,7777,planner,96,16³,17872.98,0.0,0.264,460,1.34,29.84,,3,93,93
2026-02-13T20:18:05,7777,planner,93,16³,16201.43,0.0,0.217,430,1.31,29.83,,2,93,93
2026-02-13T20:20:05,7777,planner,93,16³,18437.25,0.06,0.226,430,1.3,29.83,,3,93,93
2026-02-13T20:21:51,7777,planner,96,16³,17044.14,0.0,0.24,460,1.32,29.83,,3,93,93
2026-02-13T20:23:52,7777,planner,93,16³,16774.57,0.0,0.376,430,1.31,29.83,,2,93,93
2026-02-13T20:25:52,7777,planner,93,16³,17766.39,0.0,0.279,430,1.29,29.83,,3,93,93
2026-02-13T20:27:53,7777,planner,93,16³,16391.85,0.0,0.344,430,1.3,29.83,,4,93,93
2026-02-13T20:29:53,7777,planner,93,16³,17158.83,0.0,0.272,430,1.27,29.84,,5,93,93
2026-02-13T20:31:54,7777,planner,93,16³,16154.01,0.0,0.234,430,1.33,29.84,,6,93,93
2026-02-13T20:33:54,7777,planner,93,16³,17498.36,0.06,0.241,430,1.29,29.83,,7,93,93
2026-02-13T20:35:39,7777,planner,100,16³,18324.9,0.0,0.306,500,1.2,29.83,,7,93,93
2026-02-13T20:37:39,7777,planner,93,16³,17423.36,0.0,0.241,430,1.24,29.83,,2,93,93
2026-02-13T20:39:39,7777,planner,93,16³,17619.07,0.06,0.244,430,1.29,29.83,,3,93,93
2026-02-13T20:41:25,7777,planner,96,16³,17428.75,0.0,0.235,460,1.3,29.83,,3,93,93
2026-02-13T20:43:25,7777,planner,93,16³,18594.32,0.0,0.342,430,1.23,29.83,,2,93,93
2026-02-13T20:45:25,7777,planner,93,16³,17073.45,0.0,0.224,430,1.32,29.83,,3,93,93
2026-02-13T20:47:26,7777,planner,93,16³,16851.49,0.06,0.311,430,1.17,29.83,,4,93,93
2026-02-13T20:49:10,7777,planner,97,16³,17030.38,0.0,0.274,470,1.3,29.83,,4,93,93
