timestamp,seed,N,from_N,jump,grid,energy,min_distance,time,iterations
2026-02-13T21:06:32,7777,91,90,1,16³,16178.06,0.06,0.17,410
2026-02-13T21:17:25,7777,91,90,1,16³,16178.06,0.06,0.208,410
2026-02-13T21:19:06,7777,92,91,1,16³,17438.83,0.06,0.227,420
2026-02-13T21:20:40,7777,93,92,1,16³,17059.43,0.0,0.257,430
2026-02-13T21:20:40,7777,92,92,0,16³,17759.85,0.06,0.189,420
2026-02-13T21:22:24,7777,94,92,2,16³,18363.6,0.0,0.289,440
2026-02-13T21:22:25,7777,92,92,0,16³,16247.62,0.0,0.267,420
2026-02-13T21:22:25,7777,92,92,0,16³,16093.92,0.0,0.286,420
2026-02-13T21:22:25,7777,92,92,0,16³,15990.29,0.0,0.251,420
2026-02-13T21:22:26,7777,92,92,0,16³,17491.15,0.06,0.21,420
2026-02-13T21:24:09,7777,97,92,5,16³,16914.72,0.06,0.244,470
2026-02-13T21:25:46,7777,102,97,5,16³,18319.91,0.0,0.229,520
2026-02-13T21:25:47,7777,97,97,0,16³,17213.41,0.0,0.2,470
2026-02-13T21:25:47,7777,97,97,0,16³,17198.26,0.0,0.201,470
2026-02-13T21:25:48,7777,97,97,0,16³,17863.68,0.0,0.227,470
2026-02-13T21:25:48,7777,97,97,0,16³,17359.64,0.0,0.215,470
2026-02-13T21:25:48,7777,97,97,0,16³,17439.08,0.0,0.2,470
2026-02-13T21:25:49,7777,97,97,0,16³,18136.37,0.0,0.224,470
2026-02-13T21:25:49,7777,97,97,0,16³,17757.33,0.0,0.201,470
2026-02-13T21:25:49,7777,97,97,0,16³,18335.49,0.0,0.204,470
2026-02-13T21:25:50,7777,97,97,0,16³,18275.26,0.0,0.312,470
2026-02-13T21:25:50,7777,97,97,0,16³,17383.23,0.0,0.25,470
2026-02-13T21:25:50,7777,97,97,0,16³,18605.31,0.06,0.298,470
2026-02-13T21:27:41,7777,109,97,12,16³,19485.35,0.0,0.384,590
2026-02-13T21:27:41,7777,97,97,0,16³,17039.4,0.0,0.197,470
2026-02-13T21:27:42,7777,97,97,0,16³,17623.0,0.06,0.305,470
2026-02-13T21:29:31,7777,100,97,3,16³,18538.47,0.0,0.236,500
2026-02-13T21:29:32,7777,97,97,0,16³,18242.08,0.0,0.217,470
2026-02-13T21:29:32,7777,97,97,0,16³,17325.5,0.0,0.208,470
2026-02-13T21:29:32,7777,97,97,0,16³,17480.02,0.0,0.221,470
2026-02-13T21:29:33,7777,97,97,0,16³,18039.62,0.0,0.286,470
2026-02-13T21:29:34,7777,97,97,0,16³,18525.93,0.0,0.728,470
2026-02-13T21:29:34,7777,97,97,0,16³,16137.44,0.0,0.213,470
2026-02-13T21:29:34,7777,97,97,0,16³,17806.03,0.0,0.201,470
2026-02-13T21:29:35,7777,97,97,0,16³,18559.9,0.0,0.206,470
2026-02-13T21:29:35,7777,97,97,0,16³,17286.75,0.0,0.2,470
2026-02-13T21:29:35,7777,97,97,0,16³,18805.49,0.0,0.219,470
2026-02-13T21:29:36,7777,97,97,0,16³,17146.03,0.0,0.204,470
2026-02-13T21:29:36,7777,97,97,0,16³,17668.42,0.0,0.2,470
2026-02-13T21:29:36,7777,97,97,0,16³,16968.64,0.0,0.203,470
2026-02-13T21:29:37,7777,97,97,0,16³,16968.79,0.0,0.259,470
2026-02-13T21:29:37,7777,97,97,0,16³,18685.15,0.06,0.241,470
2026-02-13T21:31:27,7777,113,97,16,16³,20265.66,0.0,0.239,630
2026-02-13T21:31:28,7777,97,97,0,16³,17852.33,0.0,0.264,470
2026-02-13T21:31:28,7777,97,97,0,16³,18818.85,0.06,0.319,470
2026-02-13T21:33:19,7777,100,97,3,16³,17852.32,0.0,0.225,500
2026-02-13T21:33:19,7777,97,97,0,16³,18573.56,0.0,0.238,470
2026-02-13T21:33:19,7777,97,97,0,16³,16985.56,0.0,0.232,470
2026-02-13T21:33:20,7777,97,97,0,16³,18127.36,0.0,0.209,470
2026-02-13T21:33:20,7777,97,97,0,16³,17757.55,0.06,0.233,470
2026-02-13T21:35:09,7777,102,97,5,16³,17789.8,0.06,0.235,520
2026-02-13T21:36:52,7777,107,102,5,16³,21407.94,0.0,0.274,570
2026-02-13T21:36:52,7777,102,102,0,16³,18699.43,0.06,0.202,520
2026-02-13T21:38:48,7777,104,102,2,16³,19330.45,0.06,0.266,540
2026-02-13T21:40:34,7777,106,104,2,16³,19293.23,0.0,0.319,560
2026-02-13T21:40:35,7777,104,104,0,16³,19111.36,0.0,0.247,540
2026-02-13T21:40:35,7777,104,104,0,16³,18842.89,0.0,0.248,540
2026-02-13T21:40:35,7777,104,104,0,16³,19464.94,0.0,0.245,540
2026-02-13T21:40:36,7777,104,104,0,16³,18145.21,0.0,0.246,540
2026-02-13T21:40:36,7777,104,104,0,16³,18741.1,0.0,0.211,540
2026-02-13T21:40:36,7777,104,104,0,16³,19463.42,0.0,0.218,540
2026-02-13T21:40:37,7777,104,104,0,16³,18349.02,0.0,0.208,540
2026-02-13T21:40:37,7777,104,104,0,16³,18057.86,0.0,0.208,540
2026-02-13T21:40:38,7777,104,104,0,16³,18897.87,0.0,0.291,540
2026-02-13T21:40:38,7777,104,104,0,16³,19338.95,0.06,0.231,540
2026-02-13T21:42:36,7777,115,104,11,16³,20423.86,0.0,0.285,650
2026-02-13T21:42:37,7777,104,104,0,16³,19035.56,0.06,0.195,540
2026-02-13T21:44:34,7777,106,104,2,16³,18704.47,0.0,0.276,560
2026-02-13T21:44:35,7777,104,104,0,16³,18450.64,0.0,0.228,540
2026-02-13T21:44:35,7777,104,104,0,16³,19737.56,0.0,0.242,540
2026-02-13T21:44:35,7777,104,104,0,16³,18358.09,0.0,0.294,540
2026-02-13T21:44:36,7777,104,104,0,16³,17989.97,0.0,0.217,540
2026-02-13T21:44:36,7777,104,104,0,16³,19075.89,0.0,0.21,540
2026-02-13T21:44:36,7777,104,104,0,16³,18671.06,0.0,0.209,540
2026-02-13T21:44:37,7777,104,104,0,16³,19162.11,0.0,0.206,540
2026-02-13T21:44:37,7777,104,104,0,16³,19383.38,0.0,0.208,540
2026-02-13T21:44:37,7777,104,104,0,16³,18997.09,0.0,0.252,540
2026-02-13T21:44:38,7777,104,104,0,16³,19283.8,0.0,0.23,540
2026-02-13T21:44:38,7777,104,104,0,16³,18006.67,0.0,0.288,540
2026-02-13T21:44:39,7777,104,104,0,16³,18523.94,0.0,0.207,540
2026-02-13T21:44:39,7777,104,104,0,16³,19191.83,0.0,0.238,540
2026-02-13T21:44:39,7777,104,104,0,16³,20011.72,0.0,0.245,540
2026-02-13T21:44:40,7777,104,104,0,16³,18227.17,0.0,0.239,540
2026-02-13T21:44:40,7777,104,104,0,16³,18163.49,0.0,0.24,540
2026-02-13T21:44:41,7777,104,104,0,16³,19562.78,0.0,0.238,540
2026-02-13T21:44:41,7777,104,104,0,16³,18747.37,0.0,0.239,540
2026-02-13T21:44:41,7777,104,104,0,16³,18600.6,0.06,0.21,540
2026-02-13T21:46:39,7777,124,104,20,16³,23174.31,0.0,0.243,740
2026-02-13T21:46:39,7777,104,104,0,16³,19548.44,0.0,0.24,540
2026-02-13T21:46:39,7777,104,104,0,16³,19260.6,0.0,0.259,540
2026-02-13T21:46:40,7777,104,104,0,16³,19395.23,0.0,0.199,540
2026-02-13T21:46:40,7777,104,104,0,16³,19321.77,0.0,0.201,540
2026-02-13T21:46:40,7777,104,104,0,16³,19033.8,0.0,0.198,540
2026-02-13T21:46:41,7777,104,104,0,16³,19392.32,0.06,0.201,540
2026-02-13T21:48:39,7777,111,104,7,16³,20689.46,0.0,0.274,610
2026-02-13T21:48:40,7777,104,104,0,16³,19028.77,0.0,0.305,540
2026-02-13T21:48:40,7777,104,104,0,16³,19587.73,0.06,0.239,540
2026-02-13T21:50:39,7777,107,104,3,16³,19895.46,0.0,0.238,570
2026-02-13T21:50:39,7777,104,104,0,16³,18921.62,0.06,0.239,540
2026-02-13T21:52:36,7777,106,104,2,16³,20091.86,0.0,0.239,560
2026-02-13T21:52:37,7777,104,104,0,16³,18028.48,0.0,0.241,540
2026-02-13T21:52:37,7777,104,104,0,16³,18814.85,0.0,0.277,540
2026-02-13T21:52:38,7777,104,104,0,16³,20549.71,0.06,0.217,540
2026-02-13T21:54:37,7777,108,104,4,16³,19264.39,0.0,0.248,580
2026-02-13T21:54:37,7777,104,104,0,16³,19437.11,0.0,0.25,540
2026-02-13T21:54:38,7777,104,104,0,16³,18443.39,0.0,0.216,540
2026-02-13T21:54:38,7777,104,104,0,16³,19045.64,0.0,0.179,540
2026-02-13T21:54:38,7777,104,104,0,16³,18719.33,0.0,0.236,540
2026-02-13T21:54:39,7777,104,104,0,16³,18885.72,0.0,0.209,540
2026-02-13T21:54:39,7777,104,104,0,16³,18889.86,0.0,0.218,540
2026-02-13T21:54:39,7777,104,104,0,16³,18811.41,0.0,0.233,540
2026-02-13T21:54:40,7777,104,104,0,16³,19850.52,0.06,0.211,540
2026-02-13T21:56:38,7777,113,104,9,16³,20477.09,0.0,0.399,630
2026-02-13T21:56:39,7777,104,104,0,16³,20491.29,0.0,0.25,540
2026-02-13T21:56:39,7777,104,104,0,16³,18923.03,0.0,0.21,540
2026-02-13T21:56:39,7777,104,104,0,16³,19764.8,0.0,0.245,540
2026-02-13T21:56:40,7777,104,104,0,16³,18449.24,0.0,0.213,540
2026-02-13T21:56:40,7777,104,104,0,16³,18867.62,0.0,0.197,540
2026-02-13T21:56:41,7777,104,104,0,16³,19117.05,0.0,0.222,540
2026-02-13T21:56:41,7777,104,104,0,16³,19379.19,0.0,0.22,540
2026-02-13T21:56:41,7777,104,104,0,16³,18890.78,0.0,0.242,540
2026-02-13T21:56:42,7777,104,104,0,16³,17846.13,0.0,0.228,540
2026-02-13T21:56:42,7777,104,104,0,16³,18430.31,0.0,0.235,540
2026-02-13T21:56:42,7777,104,104,0,16³,19471.74,0.0,0.267,540
2026-02-13T21:56:43,7777,104,104,0,16³,18139.33,0.0,0.205,540
2026-02-13T21:56:43,7777,104,104,0,16³,17381.14,0.0,0.229,540
2026-02-13T21:56:44,7777,104,104,0,16³,18067.53,0.0,0.295,540
2026-02-13T21:56:44,7777,104,104,0,16³,19377.75,0.0,0.227,540
2026-02-13T21:56:44,7777,104,104,0,16³,17805.07,0.0,0.233,540
2026-02-13T21:56:45,7777,104,104,0,16³,18791.73,0.06,0.237,540
2026-02-13T21:58:42,7777,122,104,18,16³,21778.5,0.06,0.242,720
2026-02-13T22:00:42,7777,140,122,18,16³,24818.24,0.0,0.342,900
2026-02-13T22:00:43,7777,122,122,0,16³,21781.43,0.0,0.256,720
2026-02-13T22:00:43,7777,122,122,0,16³,22739.69,0.06,0.279,720
2026-02-13T22:02:44,7777,125,122,3,16³,21915.09,0.0,0.296,750
2026-02-13T22:02:44,7777,122,122,0,16³,20589.16,0.0,0.245,720
2026-02-13T22:02:45,7777,122,122,0,16³,21513.53,0.0,0.246,720
2026-02-13T22:02:45,7777,122,122,0,16³,22501.54,0.0,0.237,720
2026-02-13T22:02:45,7777,122,122,0,16³,22749.92,0.0,0.229,720
2026-02-13T22:02:46,7777,122,122,0,16³,23604.59,0.0,0.253,720
2026-02-13T22:02:46,7777,122,122,0,16³,22286.93,0.06,0.249,720
2026-02-13T22:04:47,7777,129,122,7,16³,22251.78,0.0,0.278,790
2026-02-13T22:04:47,7777,122,122,0,16³,22979.44,0.0,0.239,720
2026-02-13T22:04:48,7777,122,122,0,16³,23191.91,0.0,0.264,720
2026-02-13T22:04:48,7777,122,122,0,16³,20904.97,0.0,0.245,720
2026-02-13T22:04:48,7777,122,122,0,16³,22061.49,0.0,0.246,720
2026-02-13T22:04:49,7777,122,122,0,16³,22862.64,0.0,0.268,720
2026-02-13T22:04:49,7777,122,122,0,16³,22204.26,0.0,0.252,720
2026-02-13T22:04:50,7777,122,122,0,16³,20377.0,0.0,0.237,720
2026-02-13T22:04:50,7777,122,122,0,16³,23200.15,0.0,0.23,720
2026-02-13T22:04:51,7777,122,122,0,16³,21628.69,0.0,0.277,720
2026-02-13T22:04:51,7777,122,122,0,16³,22019.31,0.0,0.225,720
2026-02-13T22:04:51,7777,122,122,0,16³,21537.85,0.0,0.221,720
2026-02-13T22:04:52,7777,122,122,0,16³,22737.81,0.0,0.247,720
2026-02-13T22:04:52,7777,122,122,0,16³,21603.65,0.0,0.244,720
2026-02-13T22:04:52,7777,122,122,0,16³,21911.17,0.0,0.214,720
2026-02-13T22:04:53,7777,122,122,0,16³,22058.49,0.06,0.249,720
2026-02-13T22:06:54,7777,138,122,16,16³,24901.4,0.06,0.412,880
2026-02-13T22:08:54,7777,154,138,16,16³,26889.34,0.0,0.324,1040
2026-02-13T22:08:55,7777,138,138,0,16³,23997.47,0.0,0.267,880
2026-02-13T22:08:55,7777,138,138,0,16³,24710.71,0.0,0.283,880
2026-02-13T22:08:56,7777,138,138,0,16³,23306.83,0.0,0.269,880
2026-02-13T22:08:56,7777,138,138,0,16³,23747.99,0.0,0.248,880
2026-02-13T22:08:56,7777,138,138,0,16³,23924.56,0.0,0.194,880
2026-02-13T22:08:57,7777,138,138,0,16³,25184.75,0.0,0.264,880
2026-02-13T22:08:57,7777,138,138,0,16³,24105.68,0.0,0.228,880
2026-02-13T22:08:58,7777,138,138,0,16³,23998.57,0.0,0.26,880
2026-02-13T22:08:58,7777,138,138,0,16³,24130.59,0.0,0.276,880
2026-02-13T22:08:59,7777,138,138,0,16³,24509.06,0.0,0.29,880
2026-02-13T22:08:59,7777,138,138,0,16³,22019.13,0.0,0.27,880
2026-02-13T22:09:00,7777,138,138,0,16³,25486.44,0.0,0.261,880
2026-02-13T22:09:00,7777,138,138,0,16³,25505.5,0.0,0.295,880
2026-02-13T22:09:00,7777,138,138,0,16³,25201.79,0.0,0.258,880
2026-02-13T22:09:01,7777,138,138,0,16³,25153.89,0.0,0.285,880
2026-02-13T22:09:01,7777,138,138,0,16³,24044.39,0.0,0.28,880
2026-02-13T22:09:02,7777,138,138,0,16³,23961.03,0.0,0.244,880
2026-02-13T22:09:02,7777,138,138,0,16³,24004.18,0.0,0.313,880
2026-02-13T22:09:03,7777,138,138,0,16³,23417.52,0.0,0.262,880
2026-02-13T22:09:03,7777,138,138,0,16³,26777.31,0.0,0.237,880
2026-02-13T22:09:04,7777,138,138,0,16³,23729.23,0.0,0.237,880
2026-02-13T22:09:04,7777,138,138,0,16³,24310.82,0.0,0.251,880
2026-02-13T22:09:05,7777,138,138,0,16³,24306.41,0.0,0.355,880
2026-02-13T22:09:05,7777,138,138,0,16³,24108.61,0.0,0.316,880
2026-02-13T22:09:06,7777,138,138,0,16³,25716.52,0.0,0.236,880
2026-02-13T22:09:06,7777,138,138,0,16³,24685.54,0.0,0.226,880
2026-02-13T22:09:07,7777,138,138,0,16³,25414.77,0.0,0.235,880
2026-02-13T22:09:07,7777,138,138,0,16³,24360.45,0.0,0.232,880
2026-02-13T22:09:08,7777,138,138,0,16³,24798.4,0.0,0.239,880
2026-02-13T22:09:08,7777,138,138,0,16³,23926.89,0.0,0.253,880
2026-02-13T22:09:08,7777,138,138,0,16³,25180.44,0.0,0.236,880
2026-02-13T22:09:09,7777,138,138,0,16³,24256.62,0.0,0.254,880
2026-02-13T22:09:09,7777,138,138,0,16³,26091.3,0.0,0.238,880
2026-02-13T22:09:10,7777,138,138,0,16³,25592.78,0.0,0.249,880
2026-02-13T22:09:10,7777,138,138,0,16³,23966.51,0.0,0.229,880
2026-02-13T22:09:11,7777,138,138,0,16³,23882.03,0.0,0.233,880
2026-02-13T22:09:11,7777,138,138,0,16³,24843.26,0.0,0.265,880
2026-02-13T22:09:12,7777,138,138,0,16³,24278.56,0.0,0.291,880
2026-02-13T22:09:12,7777,138,138,0,16³,25056.93,0.0,0.229,880
2026-02-13T22:09:12,7777,138,138,0,16³,25020.57,0.0,0.196,880
2026-02-13T22:09:13,7777,138,138,0,16³,25718.18,0.0,0.27,880
2026-02-13T22:09:13,7777,138,138,0,16³,24331.28,0.0,0.208,880
2026-02-13T22:09:14,7777,138,138,0,16³,25256.36,0.0,0.246,880
2026-02-13T22:09:14,7777,138,138,0,16³,24808.74,0.0,0.264,880
2026-02-13T22:09:14,7777,138,138,0,16³,24648.87,0.0,0.253,880
2026-02-13T22:09:15,7777,138,138,0,16³,24509.63,0.0,0.231,880
2026-02-13T22:09:15,7777,138,138,0,16³,24192.42,0.0,0.223,880
2026-02-13T22:09:16,7777,138,138,0,16³,24134.84,0.0,0.194,880
2026-02-13T22:09:16,7777,138,138,0,16³,25101.98,0.0,0.241,880
2026-02-13T22:09:17,7777,138,138,0,16³,24473.75,0.0,0.323,880
2026-02-13T22:09:17,7777,138,138,0,16³,23558.85,0.0,0.228,880
2026-02-13T22:09:18,7777,138,138,0,16³,24556.29,0.0,0.255,880
2026-02-13T22:09:18,7777,138,138,0,16³,24936.64,0.0,0.276,880
2026-02-13T22:09:18,7777,138,138,0,16³,24237.9,0.0,0.195,880
2026-02-13T22:09:19,7777,138,138,0,16³,23349.88,0.0,0.224,880
2026-02-13T22:09:19,7777,138,138,0,16³,24376.58,0.0,0.237,880
2026-02-13T22:09:20,7777,138,138,0,16³,24326.9,0.0,0.285,880
2026-02-13T22:09:20,7777,138,138,0,16³,23194.26,0.0,0.224,880
2026-02-13T22:09:20,7777,138,138,0,16³,24160.33,0.0,0.255,880
2026-02-13T22:09:21,7777,138,138,0,16³,24144.44,0.0,0.264,880
2026-02-13T22:09:21,7777,138,138,0,16³,24381.09,0.0,0.3,880
2026-02-13T22:09:22,7777,138,138,0,16³,24112.36,0.0,0.245,880
2026-02-13T22:09:22,7777,138,138,0,16³,24561.96,0.0,0.251,880
2026-02-13T22:09:23,7777,138,138,0,16³,23865.35,0.0,0.289,880
2026-02-13T22:09:23,7777,138,138,0,16³,25326.3,0.0,0.257,880
2026-02-13T22:09:24,7777,138,138,0,16³,25049.45,0.0,0.243,880
2026-02-13T22:09:24,7777,138,138,0,16³,23558.39,0.0,0.257,880
2026-02-13T22:09:25,7777,138,138,0,16³,24127.02,0.0,0.316,880
2026-02-13T22:09:25,7777,138,138,0,16³,24918.32,0.0,0.302,880
2026-02-13T22:09:26,7777,138,138,0,16³,22363.94,0.0,0.253,880
2026-02-13T22:09:26,7777,138,138,0,16³,25228.84,0.0,0.235,880
2026-02-13T22:09:26,7777,138,138,0,16³,25129.78,0.0,0.23,880
2026-02-13T22:09:27,7777,138,138,0,16³,22911.36,0.0,0.252,880
2026-02-13T22:09:27,7777,138,138,0,16³,25138.3,0.0,0.271,880
2026-02-13T22:09:28,7777,138,138,0,16³,25219.56,0.0,0.284,880
2026-02-13T22:09:28,7777,138,138,0,16³,24460.15,0.0,0.233,880
2026-02-13T22:09:29,7777,138,138,0,16³,23525.15,0.0,0.255,880
2026-02-13T22:09:29,7777,138,138,0,16³,23745.64,0.0,0.227,880
2026-02-13T22:09:30,7777,138,138,0,16³,23696.89,0.0,0.24,880
2026-02-13T22:09:30,7777,138,138,0,16³,24443.57,0.0,0.259,880
2026-02-13T22:09:31,7777,138,138,0,16³,22848.77,0.0,0.255,880
2026-02-13T22:09:31,7777,138,138,0,16³,25964.76,0.0,0.271,880
2026-02-13T22:09:32,7777,138,138,0,16³,25483.66,0.0,0.241,880
2026-02-13T22:09:32,7777,138,138,0,16³,24309.15,0.06,0.262,880
2026-02-13T22:11:33,7777,200,138,62,16³,34476.45,0.0,0.415,1500
2026-02-13T22:11:33,7777,138,138,0,16³,24506.36,0.0,0.228,880
2026-02-13T22:11:34,7777,138,138,0,16³,25717.43,0.06,0.605,880
2026-02-13T22:13:34,7777,141,138,3,16³,25182.71,0.0,0.242,910
2026-02-13T22:13:35,7777,138,138,0,16³,23793.31,0.0,0.247,880
2026-02-13T22:13:35,7777,138,138,0,16³,23945.73,0.0,0.256,880
2026-02-13T22:13:36,7777,138,138,0,16³,25163.85,0.0,0.242,880
2026-02-13T22:13:36,7777,138,138,0,16³,24654.41,0.0,0.253,880
2026-02-13T22:13:37,7777,138,138,0,16³,22994.08,0.0,0.29,880
2026-02-13T22:13:37,7777,138,138,0,16³,26235.04,0.0,0.326,880
2026-02-13T22:13:38,7777,138,138,0,16³,25797.99,0.0,0.265,880
2026-02-13T22:13:38,7777,138,138,0,16³,24139.48,0.0,0.235,880
2026-02-13T22:13:39,7777,138,138,0,16³,23971.38,0.0,0.305,880
2026-02-13T22:13:39,7777,138,138,0,16³,24934.12,0.0,0.238,880
2026-02-13T22:13:40,7777,138,138,0,16³,25435.37,0.0,0.232,880
2026-02-13T22:13:41,7777,138,138,0,16³,24715.62,0.0,0.683,880
2026-02-13T22:13:41,7777,138,138,0,16³,23867.02,0.0,0.274,880
2026-02-13T22:13:42,7777,138,138,0,16³,24048.01,0.0,0.266,880
2026-02-13T22:13:42,7777,138,138,0,16³,24176.42,0.0,0.261,880
2026-02-13T22:13:42,7777,138,138,0,16³,25173.66,0.06,0.275,880
2026-02-13T22:15:43,7777,155,138,17,16³,26343.22,0.0,0.348,1050
2026-02-13T22:15:43,7777,138,138,0,16³,23404.92,0.0,0.244,880
2026-02-13T22:15:44,7777,138,138,0,16³,23766.69,0.0,0.367,880
2026-02-13T22:15:44,7777,138,138,0,16³,24964.61,0.0,0.253,880
2026-02-13T22:15:45,7777,138,138,0,16³,24504.92,0.0,0.248,880
2026-02-13T22:15:45,7777,138,138,0,16³,22725.14,0.0,0.225,880
2026-02-13T22:15:46,7777,138,138,0,16³,24034.17,0.0,0.272,880
2026-02-13T22:15:46,7777,138,138,0,16³,23533.9,0.0,0.232,880
2026-02-13T22:15:47,7777,138,138,0,16³,24867.4,0.0,0.271,880
2026-02-13T22:15:47,7777,138,138,0,16³,23523.01,0.0,0.234,880
2026-02-13T22:15:48,7777,138,138,0,16³,24934.12,0.0,0.231,880
2026-02-13T22:15:48,7777,138,138,0,16³,24522.02,0.0,0.265,880
2026-02-13T22:15:48,7777,138,138,0,16³,24071.66,0.0,0.226,880
2026-02-13T22:15:49,7777,138,138,0,16³,23183.6,0.0,0.268,880
2026-02-13T22:15:50,7777,138,138,0,16³,26965.8,0.0,0.317,880
2026-02-13T22:15:50,7777,138,138,0,16³,24192.23,0.0,0.279,880
2026-02-13T22:15:51,7777,138,138,0,16³,23831.39,0.0,0.223,880
2026-02-13T22:15:51,7777,138,138,0,16³,22849.92,0.0,0.227,880
2026-02-13T22:15:51,7777,138,138,0,16³,24285.88,0.0,0.249,880
2026-02-13T22:15:52,7777,138,138,0,16³,25307.0,0.0,0.318,880
2026-02-13T22:15:52,7777,138,138,0,16³,25661.42,0.0,0.265,880
2026-02-13T22:15:53,7777,138,138,0,16³,26534.54,0.0,0.225,880
2026-02-13T22:15:53,7777,138,138,0,16³,24467.88,0.0,0.23,880
2026-02-13T22:15:54,7777,138,138,0,16³,24038.93,0.0,0.227,880
2026-02-13T22:15:54,7777,138,138,0,16³,23906.17,0.0,0.191,880
2026-02-13T22:15:55,7777,138,138,0,16³,24933.85,0.0,0.259,880
2026-02-13T22:15:55,7777,138,138,0,16³,23979.15,0.0,0.259,880
2026-02-13T22:15:55,7777,138,138,0,16³,23623.17,0.0,0.23,880
2026-02-13T22:15:56,7777,138,138,0,16³,25307.89,0.0,0.256,880
2026-02-13T22:15:56,7777,138,138,0,16³,24584.92,0.0,0.252,880
2026-02-13T22:15:57,7777,138,138,0,16³,24522.91,0.0,0.272,880
2026-02-13T22:15:57,7777,138,138,0,16³,24314.01,0.0,0.254,880
2026-02-13T22:15:58,7777,138,138,0,16³,24233.09,0.0,0.238,880
2026-02-13T22:15:58,7777,138,138,0,16³,24590.21,0.0,0.248,880
2026-02-13T22:15:58,7777,138,138,0,16³,24119.83,0.0,0.225,880
2026-02-13T22:15:59,7777,138,138,0,16³,25734.58,0.0,0.244,880
2026-02-13T22:15:59,7777,138,138,0,16³,24425.42,0.0,0.259,880
2026-02-13T22:16:00,7777,138,138,0,16³,23839.23,0.0,0.342,880
2026-02-13T22:16:00,7777,138,138,0,16³,25184.23,0.0,0.271,880
2026-02-13T22:16:01,7777,138,138,0,16³,24475.84,0.0,0.239,880
2026-02-13T22:16:01,7777,138,138,0,16³,24774.95,0.0,0.264,880
2026-02-13T22:16:02,7777,138,138,0,16³,23508.01,0.0,0.3,880
2026-02-13T22:16:02,7777,138,138,0,16³,23878.16,0.0,0.229,880
2026-02-13T22:16:03,7777,138,138,0,16³,24758.16,0.0,0.221,880
2026-02-13T22:16:03,7777,138,138,0,16³,25481.43,0.0,0.264,880
2026-02-13T22:16:04,7777,138,138,0,16³,23900.2,0.0,0.262,880
2026-02-13T22:16:04,7777,138,138,0,16³,25999.25,0.0,0.374,880
2026-02-13T22:16:05,7777,138,138,0,16³,23166.13,0.0,0.23,880
2026-02-13T22:16:05,7777,138,138,0,16³,24885.69,0.0,0.263,880
2026-02-13T22:16:06,7777,138,138,0,16³,23126.19,0.0,0.248,880
2026-02-13T22:16:06,7777,138,138,0,16³,24723.75,0.06,0.464,880
2026-02-13T22:18:07,7777,189,138,51,16³,32362.86,0.0,0.296,1390
2026-02-13T22:18:07,7777,138,138,0,16³,24229.6,0.0,0.231,880
2026-02-13T22:18:08,7777,138,138,0,16³,24398.24,0.0,0.302,880
2026-02-13T22:18:08,7777,138,138,0,16³,25132.87,0.0,0.261,880
2026-02-13T22:18:09,7777,138,138,0,16³,25697.88,0.0,0.233,880
2026-02-13T22:18:09,7777,138,138,0,16³,23718.64,0.0,0.199,880
2026-02-13T22:18:10,7777,138,138,0,16³,25066.22,0.0,0.241,880
2026-02-13T22:18:10,7777,138,138,0,16³,25070.72,0.0,0.249,880
2026-02-13T22:18:10,7777,138,138,0,16³,23693.22,0.0,0.242,880
2026-02-13T22:18:11,7777,138,138,0,16³,25841.62,0.0,0.225,880
2026-02-13T22:18:11,7777,138,138,0,16³,24188.33,0.0,0.256,880
2026-02-13T22:18:12,7777,138,138,0,16³,23918.3,0.0,0.238,880
2026-02-13T22:18:12,7777,138,138,0,16³,25127.02,0.0,0.244,880
2026-02-13T22:18:12,7777,138,138,0,16³,25420.08,0.0,0.271,880
2026-02-13T22:18:13,7777,138,138,0,16³,23603.2,0.0,0.3,880
2026-02-13T22:18:13,7777,138,138,0,16³,24934.3,0.0,0.248,880
2026-02-13T22:18:14,7777,138,138,0,16³,24779.81,0.0,0.273,880
2026-02-13T22:18:14,7777,138,138,0,16³,24103.24,0.0,0.213,880
2026-02-13T22:18:15,7777,138,138,0,16³,24372.91,0.0,0.287,880
2026-02-13T22:18:15,7777,138,138,0,16³,24121.67,0.0,0.307,880
2026-02-13T22:18:16,7777,138,138,0,16³,24385.72,0.0,0.243,880
2026-02-13T22:18:17,7777,138,138,0,16³,23989.05,0.0,0.273,880
2026-02-13T22:18:17,7777,138,138,0,16³,23404.89,0.0,0.246,880
2026-02-13T22:18:18,7777,138,138,0,16³,24628.37,0.0,0.328,880
2026-02-13T22:18:18,7777,138,138,0,16³,23720.58,0.0,0.265,880
2026-02-13T22:18:19,7777,138,138,0,16³,26069.7,0.0,0.253,880
2026-02-13T22:18:19,7777,138,138,0,16³,24331.72,0.0,0.268,880
2026-02-13T22:18:20,7777,138,138,0,16³,24373.61,0.0,0.281,880
2026-02-13T22:18:20,7777,138,138,0,16³,24350.28,0.0,0.242,880
2026-02-13T22:18:20,7777,138,138,0,16³,24833.0,0.0,0.196,880
2026-02-13T22:18:21,7777,138,138,0,16³,25030.73,0.0,0.198,880
2026-02-13T22:18:21,7777,138,138,0,16³,24563.44,0.0,0.309,880
2026-02-13T22:18:22,7777,138,138,0,16³,23393.19,0.0,0.226,880
2026-02-13T22:18:22,7777,138,138,0,16³,22825.81,0.0,0.233,880
2026-02-13T22:18:23,7777,138,138,0,16³,24285.31,0.0,0.257,880
2026-02-13T22:18:23,7777,138,138,0,16³,25167.19,0.0,0.26,880
2026-02-13T22:18:24,7777,138,138,0,16³,25184.61,0.0,0.264,880
2026-02-13T22:18:24,7777,138,138,0,16³,24633.58,0.0,0.235,880
2026-02-13T22:18:24,7777,138,138,0,16³,22457.31,0.0,0.237,880
2026-02-13T22:18:25,7777,138,138,0,16³,24935.9,0.0,0.255,880
2026-02-13T22:18:25,7777,138,138,0,16³,25646.11,0.0,0.26,880
2026-02-13T22:18:26,7777,138,138,0,16³,23811.04,0.0,0.27,880
2026-02-13T22:18:26,7777,138,138,0,16³,25275.29,0.0,0.235,880
2026-02-13T22:18:27,7777,138,138,0,16³,25942.77,0.0,0.261,880
2026-02-13T22:18:27,7777,138,138,0,16³,25394.8,0.06,0.221,880
2026-02-13T22:20:28,7777,183,138,45,16³,32934.19,0.0,0.333,1330
2026-02-13T22:20:28,7777,138,138,0,16³,24147.02,0.06,0.226,880
2026-02-13T22:22:29,7777,140,138,2,16³,25573.81,0.0,0.292,900
2026-02-13T22:22:29,7777,138,138,0,16³,24252.91,0.0,0.215,880
2026-02-13T22:22:30,7777,138,138,0,16³,24773.69,0.0,0.265,880
2026-02-13T22:22:30,7777,138,138,0,16³,24921.43,0.0,0.245,880
2026-02-13T22:22:30,7777,138,138,0,16³,23460.59,0.0,0.278,880
2026-02-13T22:22:31,7777,138,138,0,16³,25337.46,0.0,0.247,880
2026-02-13T22:22:31,7777,138,138,0,16³,23558.35,0.0,0.25,880
2026-02-13T22:22:32,7777,138,138,0,16³,25691.04,0.0,0.212,880
2026-02-13T22:22:32,7777,138,138,0,16³,23500.85,0.0,0.27,880
2026-02-13T22:22:33,7777,138,138,0,16³,24395.96,0.0,0.267,880
2026-02-13T22:22:33,7777,138,138,0,16³,22836.15,0.0,0.28,880
2026-02-13T22:22:34,7777,138,138,0,16³,25323.15,0.0,0.269,880
2026-02-13T22:22:34,7777,138,138,0,16³,26231.98,0.0,0.248,880
2026-02-13T22:22:35,7777,138,138,0,16³,23942.41,0.0,0.608,880
2026-02-13T22:22:36,7777,138,138,0,16³,22570.4,0.0,0.383,880
2026-02-13T22:22:36,7777,138,138,0,16³,23888.82,0.0,0.257,880
2026-02-13T22:22:37,7777,138,138,0,16³,24100.22,0.0,0.297,880
2026-02-13T22:22:37,7777,138,138,0,16³,25971.91,0.0,0.599,880
2026-02-13T22:22:38,7777,138,138,0,16³,23992.34,0.0,0.294,880
2026-02-13T22:22:38,7777,138,138,0,16³,24146.62,0.0,0.246,880
2026-02-13T22:22:39,7777,138,138,0,16³,23941.68,0.0,0.263,880
2026-02-13T22:22:39,7777,138,138,0,16³,25556.48,0.0,0.271,880
2026-02-13T22:22:40,7777,138,138,0,16³,25981.18,0.0,0.262,880
2026-02-13T22:22:40,7777,138,138,0,16³,24299.29,0.0,0.209,880
2026-02-13T22:22:41,7777,138,138,0,16³,23638.37,0.0,0.256,880
2026-02-13T22:22:41,7777,138,138,0,16³,24855.14,0.0,0.284,880
2026-02-13T22:22:42,7777,138,138,0,16³,24223.63,0.0,0.299,880
2026-02-13T22:22:42,7777,138,138,0,16³,25473.47,0.0,0.249,880
2026-02-13T22:22:43,7777,138,138,0,16³,23165.42,0.0,0.266,880
2026-02-13T22:22:43,7777,138,138,0,16³,26895.32,0.0,0.261,880
2026-02-13T22:22:44,7777,138,138,0,16³,24437.81,0.0,0.249,880
2026-02-13T22:22:44,7777,138,138,0,16³,24316.84,0.0,0.265,880
2026-02-13T22:22:45,7777,138,138,0,16³,23608.0,0.0,0.306,880
2026-02-13T22:22:45,7777,138,138,0,16³,26487.19,0.0,0.271,880
2026-02-13T22:22:46,7777,138,138,0,16³,25218.65,0.0,0.268,880
2026-02-13T22:22:46,7777,138,138,0,16³,25546.79,0.0,0.252,880
2026-02-13T22:22:47,7777,138,138,0,16³,25706.77,0.0,0.317,880
2026-02-13T22:22:47,7777,138,138,0,16³,24010.78,0.0,0.271,880
2026-02-13T22:22:48,7777,138,138,0,16³,23110.57,0.0,0.217,880
2026-02-13T22:22:48,7777,138,138,0,16³,24295.59,0.0,0.257,880
2026-02-13T22:22:48,7777,138,138,0,16³,25229.85,0.0,0.244,880
2026-02-13T22:22:49,7777,138,138,0,16³,25429.52,0.06,0.487,880
2026-02-13T22:24:50,7777,180,138,42,16³,32657.46,0.0,0.158,1300
2026-02-13T22:24:50,7777,138,138,0,16³,24705.55,0.0,0.133,880
2026-02-13T22:24:50,7777,138,138,0,16³,24121.72,0.0,0.156,880
2026-02-13T22:24:50,7777,138,138,0,16³,24682.95,0.0,0.131,880
2026-02-13T22:24:51,7777,138,138,0,16³,25132.22,0.0,0.133,880
2026-02-13T22:24:51,7777,138,138,0,16³,24290.91,0.0,0.132,880
2026-02-13T22:24:51,7777,138,138,0,16³,23971.99,0.0,0.134,880
2026-02-13T22:24:51,7777,138,138,0,16³,24264.4,0.0,0.133,880
2026-02-13T22:24:52,7777,138,138,0,16³,25332.55,0.0,0.133,880
2026-02-13T22:24:52,7777,138,138,0,16³,25109.18,0.0,0.138,880
2026-02-13T22:24:52,7777,138,138,0,16³,24862.31,0.0,0.138,880
2026-02-13T22:24:52,7777,138,138,0,16³,24861.81,0.0,0.138,880
2026-02-13T22:24:53,7777,138,138,0,16³,24438.64,0.0,0.133,880
2026-02-13T22:24:53,7777,138,138,0,16³,24795.59,0.0,0.154,880
2026-02-13T22:24:53,7777,138,138,0,16³,24613.62,0.0,0.142,880
2026-02-13T22:24:53,7777,138,138,0,16³,24383.63,0.0,0.135,880
2026-02-13T22:24:54,7777,138,138,0,16³,25518.27,0.0,0.128,880
2026-02-13T22:24:54,7777,138,138,0,16³,24324.45,0.0,0.131,880
2026-02-13T22:24:54,7777,138,138,0,16³,22873.95,0.0,0.128,880
2026-02-13T22:24:54,7777,138,138,0,16³,25578.1,0.0,0.131,880
2026-02-13T22:24:55,7777,138,138,0,16³,25182.67,0.0,0.132,880
2026-02-13T22:24:55,7777,138,138,0,16³,23988.66,0.0,0.134,880
2026-02-13T22:24:55,7777,138,138,0,16³,25091.91,0.0,0.131,880
2026-02-13T22:24:55,7777,138,138,0,16³,23813.57,0.0,0.13,880
2026-02-13T22:24:56,7777,138,138,0,16³,23828.11,0.0,0.145,880
2026-02-13T22:24:56,7777,138,138,0,16³,22983.08,0.0,0.132,880
2026-02-13T22:24:56,7777,138,138,0,16³,24579.33,0.0,0.131,880
2026-02-13T22:24:56,7777,138,138,0,16³,24211.3,0.0,0.134,880
2026-02-13T22:24:57,7777,138,138,0,16³,25425.12,0.0,0.131,880
2026-02-13T22:24:57,7777,138,138,0,16³,23457.5,0.0,0.134,880
2026-02-13T22:24:57,7777,138,138,0,16³,22723.71,0.0,0.132,880
2026-02-13T22:24:57,7777,138,138,0,16³,26305.55,0.0,0.126,880
2026-02-13T22:24:57,7777,138,138,0,16³,25600.06,0.0,0.132,880
2026-02-13T22:24:58,7777,138,138,0,16³,24788.76,0.0,0.128,880
2026-02-13T22:24:58,7777,138,138,0,16³,24604.32,0.0,0.129,880
2026-02-13T22:24:58,7777,138,138,0,16³,23680.33,0.0,0.148,880
2026-02-13T22:24:58,7777,138,138,0,16³,25444.51,0.0,0.13,880
2026-02-13T22:24:59,7777,138,138,0,16³,24903.91,0.0,0.129,880
2026-02-13T22:24:59,7777,138,138,0,16³,24590.25,0.0,0.131,880
2026-02-13T22:24:59,7777,138,138,0,16³,26273.04,0.0,0.13,880
2026-02-13T22:24:59,7777,138,138,0,16³,24387.23,0.0,0.13,880
2026-02-13T22:25:00,7777,138,138,0,16³,24421.39,0.0,0.132,880
2026-02-13T22:25:00,7777,138,138,0,16³,23370.32,0.0,0.131,880
2026-02-13T22:25:00,7777,138,138,0,16³,25410.64,0.0,0.132,880
2026-02-13T22:25:00,7777,138,138,0,16³,26477.76,0.0,0.133,880
2026-02-13T22:25:01,7777,138,138,0,16³,24076.67,0.0,0.13,880
2026-02-13T22:25:01,7777,138,138,0,16³,22766.83,0.0,0.152,880
2026-02-13T22:25:01,7777,138,138,0,16³,23749.79,0.0,0.128,880
2026-02-13T22:25:01,7777,138,138,0,16³,23768.03,0.0,0.129,880
2026-02-13T22:25:02,7777,138,138,0,16³,22627.05,0.0,0.128,880
2026-02-13T22:25:02,7777,138,138,0,16³,24173.02,0.0,0.132,880
2026-02-13T22:25:02,7777,138,138,0,16³,25678.06,0.0,0.126,880
2026-02-13T22:25:02,7777,138,138,0,16³,24737.89,0.0,0.127,880
2026-02-13T22:25:03,7777,138,138,0,16³,24559.18,0.0,0.137,880
2026-02-13T22:25:03,7777,138,138,0,16³,25177.06,0.0,0.13,880
2026-02-13T22:25:03,7777,138,138,0,16³,23796.86,0.0,0.134,880
2026-02-13T22:25:03,7777,138,138,0,16³,24604.55,0.0,0.129,880
2026-02-13T22:25:04,7777,138,138,0,16³,24681.49,0.0,0.148,880
2026-02-13T22:25:04,7777,138,138,0,16³,24553.84,0.0,0.132,880
2026-02-13T22:25:04,7777,138,138,0,16³,24951.86,0.0,0.128,880
2026-02-13T22:25:04,7777,138,138,0,16³,25666.36,0.0,0.132,880
2026-02-13T22:25:04,7777,138,138,0,16³,25129.8,0.0,0.135,880
2026-02-13T22:25:05,7777,138,138,0,16³,24065.12,0.0,0.132,880
2026-02-13T22:25:05,7777,138,138,0,16³,23710.18,0.0,0.127,880
2026-02-13T22:25:05,7777,138,138,0,16³,24819.84,0.0,0.142,880
2026-02-13T22:25:05,7777,138,138,0,16³,26303.44,0.0,0.133,880
2026-02-13T22:25:06,7777,138,138,0,16³,23668.06,0.0,0.136,880
2026-02-13T22:25:06,7777,138,138,0,16³,24407.75,0.0,0.127,880
2026-02-13T22:25:06,7777,138,138,0,16³,22630.7,0.0,0.158,880
2026-02-13T22:25:07,7777,138,138,0,16³,23892.16,0.0,0.135,880
2026-02-13T22:25:07,7777,138,138,0,16³,25170.92,0.0,0.136,880
2026-02-13T22:25:07,7777,138,138,0,16³,23030.01,0.0,0.204,880
2026-02-13T22:25:07,7777,138,138,0,16³,26878.19,0.0,0.159,880
2026-02-13T22:25:08,7777,138,138,0,16³,25340.75,0.0,0.173,880
2026-02-13T22:25:08,7777,138,138,0,16³,24628.08,0.0,0.149,880
2026-02-13T22:25:08,7777,138,138,0,16³,23741.4,0.0,0.133,880
2026-02-13T22:25:08,7777,138,138,0,16³,24667.92,0.0,0.14,880
2026-02-13T22:25:09,7777,138,138,0,16³,24271.17,0.0,0.145,880
2026-02-13T22:25:09,7777,138,138,0,16³,25127.94,0.0,0.134,880
2026-02-13T22:25:09,7777,138,138,0,16³,25168.59,0.0,0.136,880
2026-02-13T22:25:09,7777,138,138,0,16³,22177.49,0.0,0.155,880
2026-02-13T22:25:10,7777,138,138,0,16³,25624.36,0.0,0.135,880
2026-02-13T22:25:10,7777,138,138,0,16³,24690.68,0.0,0.132,880
2026-02-13T22:25:10,7777,138,138,0,16³,25096.51,0.0,0.135,880
2026-02-13T22:25:10,7777,138,138,0,16³,25765.95,0.0,0.135,880
2026-02-13T22:25:11,7777,138,138,0,16³,24183.21,0.0,0.139,880
2026-02-13T22:25:11,7777,138,138,0,16³,25463.31,0.0,0.132,880
2026-02-13T22:25:11,7777,138,138,0,16³,24428.99,0.0,0.135,880
2026-02-13T22:25:11,7777,138,138,0,16³,25089.1,0.0,0.138,880
2026-02-13T22:25:12,7777,138,138,0,16³,27019.65,0.0,0.133,880
2026-02-13T22:25:12,7777,138,138,0,16³,24661.24,0.0,0.133,880
2026-02-13T22:25:12,7777,138,138,0,16³,23616.9,0.0,0.139,880
2026-02-13T22:25:12,7777,138,138,0,16³,26383.21,0.06,0.156,880
2026-02-13T22:27:13,7777,200,138,62,16³,33647.38,0.0,0.373,1500
2026-02-13T22:27:14,7777,138,138,0,16³,24728.24,0.0,0.215,880
2026-02-13T22:27:14,7777,138,138,0,16³,24408.03,0.0,0.257,880
2026-02-13T22:27:15,7777,138,138,0,16³,24133.09,0.0,0.325,880
2026-02-13T22:27:15,7777,138,138,0,16³,25178.15,0.0,0.315,880
2026-02-13T22:27:16,7777,138,138,0,16³,25006.66,0.0,0.352,880
2026-02-13T22:27:16,7777,138,138,0,16³,24613.89,0.0,0.244,880
2026-02-13T22:27:17,7777,138,138,0,16³,24686.68,0.0,0.286,880
2026-02-13T22:27:17,7777,138,138,0,16³,25043.7,0.0,0.295,880
2026-02-13T22:27:18,7777,138,138,0,16³,24494.76,0.0,0.22,880
2026-02-13T22:27:18,7777,138,138,0,16³,23739.63,0.0,0.243,880
2026-02-13T22:27:18,7777,138,138,0,16³,25098.87,0.0,0.286,880
2026-02-13T22:27:19,7777,138,138,0,16³,23228.54,0.0,0.259,880
2026-02-13T22:27:19,7777,138,138,0,16³,25699.84,0.0,0.264,880
2026-02-13T22:27:20,7777,138,138,0,16³,25451.05,0.0,0.337,880
2026-02-13T22:27:20,7777,138,138,0,16³,22173.39,0.0,0.332,880
2026-02-13T22:27:21,7777,138,138,0,16³,22681.09,0.0,0.313,880
2026-02-13T22:27:21,7777,138,138,0,16³,24990.64,0.0,0.217,880
2026-02-13T22:27:22,7777,138,138,0,16³,22608.52,0.0,0.289,880
2026-02-13T22:27:22,7777,138,138,0,16³,25485.11,0.0,0.259,880
2026-02-13T22:27:23,7777,138,138,0,16³,25404.85,0.0,0.255,880
2026-02-13T22:27:23,7777,138,138,0,16³,24270.95,0.0,0.277,880
2026-02-13T22:27:24,7777,138,138,0,16³,24536.72,0.0,0.282,880
2026-02-13T22:27:24,7777,138,138,0,16³,24042.57,0.0,0.23,880
2026-02-13T22:27:25,7777,138,138,0,16³,24442.89,0.0,0.228,880
2026-02-13T22:27:25,7777,138,138,0,16³,23297.28,0.0,0.216,880
2026-02-13T22:27:25,7777,138,138,0,16³,24157.16,0.0,0.218,880
2026-02-13T22:27:26,7777,138,138,0,16³,23099.78,0.0,0.242,880
2026-02-13T22:27:26,7777,138,138,0,16³,24378.4,0.0,0.216,880
2026-02-13T22:27:27,7777,138,138,0,16³,23805.83,0.0,0.407,880
2026-02-13T22:27:28,7777,138,138,0,16³,24644.53,0.0,0.412,880
2026-02-13T22:27:28,7777,138,138,0,16³,24585.37,0.0,0.32,880
2026-02-13T22:27:29,7777,138,138,0,16³,25193.95,0.0,0.302,880
2026-02-13T22:27:29,7777,138,138,0,16³,23633.7,0.0,0.245,880
2026-02-13T22:27:30,7777,138,138,0,16³,26319.26,0.0,0.285,880
2026-02-13T22:27:30,7777,138,138,0,16³,24893.46,0.0,0.282,880
2026-02-13T22:27:31,7777,138,138,0,16³,23251.54,0.0,0.245,880
2026-02-13T22:27:31,7777,138,138,0,16³,25506.27,0.0,0.488,880
2026-02-13T22:27:32,7777,138,138,0,16³,25998.22,0.0,0.302,880
2026-02-13T22:27:32,7777,138,138,0,16³,25003.97,0.0,0.232,880
2026-02-13T22:27:33,7777,138,138,0,16³,24610.45,0.0,0.235,880
2026-02-13T22:27:33,7777,138,138,0,16³,25488.31,0.0,0.22,880
2026-02-13T22:27:34,7777,138,138,0,16³,23410.82,0.0,0.222,880
2026-02-13T22:27:34,7777,138,138,0,16³,24634.82,0.0,0.243,880
2026-02-13T22:27:35,7777,138,138,0,16³,23556.23,0.0,0.227,880
2026-02-13T22:27:35,7777,138,138,0,16³,24963.17,0.0,0.229,880
2026-02-13T22:27:35,7777,138,138,0,16³,24832.15,0.06,0.214,880
2026-02-13T22:29:36,7777,185,138,47,16³,32516.39,0.0,0.312,1350
2026-02-13T22:29:36,7777,138,138,0,16³,24178.74,0.0,0.229,880
2026-02-13T22:29:37,7777,138,138,0,16³,23607.84,0.0,0.235,880
2026-02-13T22:29:37,7777,138,138,0,16³,23901.56,0.0,0.242,880
2026-02-13T22:29:38,7777,138,138,0,16³,25504.57,0.0,0.233,880
2026-02-13T22:29:38,7777,138,138,0,16³,24926.45,0.0,0.221,880
2026-02-13T22:29:38,7777,138,138,0,16³,25523.78,0.0,0.226,880
2026-02-13T22:29:39,7777,138,138,0,16³,25682.52,0.0,0.247,880
2026-02-13T22:29:39,7777,138,138,0,16³,24060.34,0.0,0.253,880
2026-02-13T22:29:40,7777,138,138,0,16³,26857.81,0.0,0.281,880
2026-02-13T22:29:40,7777,138,138,0,16³,25006.22,0.0,0.231,880
2026-02-13T22:29:41,7777,138,138,0,16³,24647.12,0.0,0.217,880
2026-02-13T22:29:41,7777,138,138,0,16³,28042.9,0.0,0.225,880
2026-02-13T22:29:41,7777,138,138,0,16³,23949.08,0.0,0.232,880
2026-02-13T22:29:42,7777,138,138,0,16³,25925.86,0.0,0.357,880
2026-02-13T22:29:42,7777,138,138,0,16³,25160.84,0.0,0.27,880
2026-02-13T22:29:43,7777,138,138,0,16³,25664.56,0.0,0.232,880
2026-02-13T22:29:43,7777,138,138,0,16³,24244.44,0.0,0.247,880
2026-02-13T22:29:44,7777,138,138,0,16³,24460.84,0.0,0.279,880
2026-02-13T22:29:44,7777,138,138,0,16³,23461.46,0.0,0.226,880
2026-02-13T22:29:45,7777,138,138,0,16³,24553.87,0.0,0.264,880
2026-02-13T22:29:45,7777,138,138,0,16³,24474.52,0.0,0.222,880
2026-02-13T22:29:45,7777,138,138,0,16³,24010.32,0.0,0.236,880
2026-02-13T22:29:46,7777,138,138,0,16³,23887.04,0.0,0.254,880
2026-02-13T22:29:46,7777,138,138,0,16³,23847.56,0.0,0.231,880
2026-02-13T22:29:47,7777,138,138,0,16³,23256.98,0.0,0.234,880
2026-02-13T22:29:47,7777,138,138,0,16³,24303.72,0.0,0.255,880
2026-02-13T22:29:48,7777,138,138,0,16³,24791.15,0.0,0.257,880
2026-02-13T22:29:48,7777,138,138,0,16³,23725.21,0.06,0.229,880
2026-02-13T22:31:49,7777,167,138,29,16³,30714.46,0.0,0.378,1170
2026-02-13T22:31:49,7777,138,138,0,16³,24927.05,0.0,0.264,880
2026-02-13T22:31:50,7777,138,138,0,16³,22780.15,0.0,0.223,880
2026-02-13T22:31:50,7777,138,138,0,16³,24224.42,0.0,0.224,880
2026-02-13T22:31:50,7777,138,138,0,16³,24163.16,0.0,0.256,880
2026-02-13T22:31:51,7777,138,138,0,16³,24374.84,0.0,0.253,880
2026-02-13T22:31:51,7777,138,138,0,16³,23618.14,0.0,0.248,880
2026-02-13T22:31:52,7777,138,138,0,16³,25510.26,0.0,0.222,880
2026-02-13T22:31:52,7777,138,138,0,16³,24748.55,0.0,0.299,880
2026-02-13T22:31:53,7777,138,138,0,16³,23765.95,0.0,0.23,880
2026-02-13T22:31:53,7777,138,138,0,16³,24296.7,0.0,0.225,880
2026-02-13T22:31:53,7777,138,138,0,16³,25150.65,0.0,0.273,880
2026-02-13T22:31:54,7777,138,138,0,16³,24856.08,0.0,0.259,880
2026-02-13T22:31:54,7777,138,138,0,16³,23823.08,0.0,0.231,880
2026-02-13T22:31:55,7777,138,138,0,16³,24425.89,0.0,0.221,880
2026-02-13T22:31:55,7777,138,138,0,16³,24881.83,0.0,0.31,880
2026-02-13T22:31:56,7777,138,138,0,16³,23545.09,0.0,0.237,880
2026-02-13T22:31:56,7777,138,138,0,16³,24859.9,0.0,0.222,880
2026-02-13T22:31:57,7777,138,138,0,16³,23403.25,0.0,0.231,880
2026-02-13T22:31:57,7777,138,138,0,16³,24456.7,0.0,0.24,880
2026-02-13T22:31:57,7777,138,138,0,16³,26646.59,0.0,0.228,880
2026-02-13T22:31:58,7777,138,138,0,16³,25269.2,0.0,0.259,880
2026-02-13T22:31:58,7777,138,138,0,16³,22792.6,0.0,0.251,880
2026-02-13T22:31:59,7777,138,138,0,16³,25034.12,0.0,0.222,880
2026-02-13T22:31:59,7777,138,138,0,16³,25162.68,0.0,0.236,880
2026-02-13T22:32:00,7777,138,138,0,16³,24619.17,0.0,0.271,880
2026-02-13T22:32:00,7777,138,138,0,16³,24745.21,0.0,0.242,880
2026-02-13T22:32:00,7777,138,138,0,16³,24755.99,0.0,0.197,880
2026-02-13T22:32:01,7777,138,138,0,16³,24168.98,0.0,0.273,880
2026-02-13T22:32:01,7777,138,138,0,16³,24826.47,0.0,0.224,880
2026-02-13T22:32:02,7777,138,138,0,16³,24980.03,0.0,0.232,880
2026-02-13T22:32:02,7777,138,138,0,16³,25221.68,0.0,0.268,880
2026-02-13T22:32:03,7777,138,138,0,16³,22972.9,0.0,0.236,880
2026-02-13T22:32:03,7777,138,138,0,16³,23896.53,0.0,0.244,880
2026-02-13T22:32:03,7777,138,138,0,16³,24563.72,0.0,0.229,880
2026-02-13T22:32:04,7777,138,138,0,16³,23871.89,0.0,0.221,880
2026-02-13T22:32:04,7777,138,138,0,16³,24461.49,0.0,0.23,880
2026-02-13T22:32:05,7777,138,138,0,16³,24480.2,0.0,0.25,880
2026-02-13T22:32:05,7777,138,138,0,16³,24409.31,0.0,0.282,880
2026-02-13T22:32:06,7777,138,138,0,16³,23404.94,0.0,0.239,880
2026-02-13T22:32:06,7777,138,138,0,16³,24109.23,0.0,0.268,880
2026-02-13T22:32:06,7777,138,138,0,16³,24969.49,0.0,0.228,880
2026-02-13T22:32:07,7777,138,138,0,16³,25165.47,0.0,0.245,880
2026-02-13T22:32:07,7777,138,138,0,16³,24353.99,0.0,0.191,880
2026-02-13T22:32:08,7777,138,138,0,16³,24483.6,0.0,0.228,880
2026-02-13T22:32:08,7777,138,138,0,16³,24810.21,0.0,0.249,880
2026-02-13T22:32:09,7777,138,138,0,16³,24186.46,0.0,0.232,880
2026-02-13T22:32:09,7777,138,138,0,16³,24569.34,0.0,0.21,880
2026-02-13T22:32:10,7777,138,138,0,16³,25284.8,0.0,0.251,880
2026-02-13T22:32:10,7777,138,138,0,16³,24459.53,0.0,0.245,880
2026-02-13T22:32:10,7777,138,138,0,16³,24268.99,0.0,0.227,880
2026-02-13T22:32:11,7777,138,138,0,16³,25280.41,0.0,0.259,880
2026-02-13T22:32:11,7777,138,138,0,16³,22657.43,0.0,0.225,880
2026-02-13T22:32:12,7777,138,138,0,16³,24444.94,0.0,0.228,880
2026-02-13T22:32:12,7777,138,138,0,16³,24465.71,0.0,0.249,880
2026-02-13T22:32:13,7777,138,138,0,16³,24867.97,0.0,0.226,880
2026-02-13T22:32:13,7777,138,138,0,16³,24231.76,0.0,0.26,880
2026-02-13T22:32:13,7777,138,138,0,16³,23551.65,0.0,0.279,880
2026-02-13T22:32:14,7777,138,138,0,16³,24614.17,0.0,0.271,880
2026-02-13T22:32:14,7777,138,138,0,16³,24968.0,0.0,0.229,880
2026-02-13T22:32:15,7777,138,138,0,16³,23831.79,0.0,0.222,880
2026-02-13T22:32:15,7777,138,138,0,16³,25066.09,0.0,0.267,880
2026-02-13T22:32:16,7777,138,138,0,16³,23472.12,0.0,0.257,880
2026-02-13T22:32:16,7777,138,138,0,16³,23359.32,0.0,0.224,880
2026-02-13T22:32:16,7777,138,138,0,16³,22495.22,0.0,0.262,880
2026-02-13T22:32:17,7777,138,138,0,16³,23868.44,0.0,0.226,880
2026-02-13T22:32:17,7777,138,138,0,16³,25145.88,0.0,0.298,880
2026-02-13T22:32:18,7777,138,138,0,16³,25174.48,0.0,0.229,880
2026-02-13T22:32:18,7777,138,138,0,16³,25520.28,0.0,0.247,880
2026-02-13T22:32:19,7777,138,138,0,16³,25494.79,0.0,0.223,880
2026-02-13T22:32:19,7777,138,138,0,16³,24363.5,0.0,0.231,880
2026-02-13T22:32:20,7777,138,138,0,16³,24446.82,0.0,0.266,880
2026-02-13T22:32:20,7777,138,138,0,16³,24573.93,0.0,0.272,880
2026-02-13T22:32:20,7777,138,138,0,16³,23970.24,0.0,0.29,880
2026-02-13T22:32:21,7777,138,138,0,16³,25442.35,0.0,0.278,880
2026-02-13T22:32:21,7777,138,138,0,16³,24242.37,0.0,0.288,880
2026-02-13T22:32:22,7777,138,138,0,16³,24094.85,0.0,0.233,880
2026-02-13T22:32:22,7777,138,138,0,16³,26313.44,0.0,0.234,880
2026-02-13T22:32:23,7777,138,138,0,16³,25305.59,0.0,0.317,880
2026-02-13T22:32:23,7777,138,138,0,16³,23901.49,0.0,0.25,880
2026-02-13T22:32:24,7777,138,138,0,16³,24390.53,0.0,0.251,880
2026-02-13T22:32:24,7777,138,138,0,16³,23556.32,0.0,0.258,880
2026-02-13T22:32:25,7777,138,138,0,16³,23918.99,0.0,0.26,880
2026-02-13T22:32:25,7777,138,138,0,16³,24481.89,0.0,0.275,880
2026-02-13T22:32:26,7777,138,138,0,16³,23882.66,0.0,0.197,880
2026-02-13T22:32:26,7777,138,138,0,16³,23926.29,0.0,0.261,880
2026-02-13T22:32:26,7777,138,138,0,16³,25800.62,0.0,0.256,880
2026-02-13T22:32:27,7777,138,138,0,16³,24902.02,0.0,0.197,880
2026-02-13T22:32:27,7777,138,138,0,16³,22811.8,0.0,0.239,880
2026-02-13T22:32:28,7777,138,138,0,16³,25052.46,0.0,0.287,880
2026-02-13T22:32:28,7777,138,138,0,16³,24839.58,0.0,0.227,880
2026-02-13T22:32:29,7777,138,138,0,16³,24294.11,0.0,0.299,880
2026-02-13T22:32:29,7777,138,138,0,16³,24855.85,0.0,0.234,880
2026-02-13T22:32:29,7777,138,138,0,16³,25655.31,0.0,0.263,880
2026-02-13T22:32:30,7777,138,138,0,16³,25738.33,0.0,0.248,880
2026-02-13T22:32:30,7777,138,138,0,16³,24205.15,0.0,0.251,880
2026-02-13T22:32:31,7777,138,138,0,16³,24111.23,0.0,0.232,880
2026-02-13T22:32:31,7777,138,138,0,16³,22661.92,0.0,0.203,880
2026-02-13T22:32:32,7777,138,138,0,16³,24288.38,0.0,0.233,880
2026-02-13T22:32:32,7777,138,138,0,16³,24385.47,0.0,0.254,880
2026-02-13T22:32:33,7777,138,138,0,16³,23828.0,0.0,0.255,880
2026-02-13T22:32:33,7777,138,138,0,16³,23857.46,0.0,0.217,880
2026-02-13T22:32:33,7777,138,138,0,16³,24573.12,0.0,0.247,880
2026-02-13T22:32:34,7777,138,138,0,16³,24010.85,0.0,0.247,880
2026-02-13T22:32:34,7777,138,138,0,16³,24767.46,0.0,0.221,880
2026-02-13T22:32:35,7777,138,138,0,16³,24144.82,0.0,0.26,880
2026-02-13T22:32:35,7777,138,138,0,16³,23340.48,0.0,0.252,880
2026-02-13T22:32:36,7777,138,138,0,16³,23525.91,0.0,0.239,880
2026-02-13T22:32:36,7777,138,138,0,16³,25022.91,0.0,0.226,880
2026-02-13T22:32:37,7777,138,138,0,16³,24287.55,0.0,0.272,880
2026-02-13T22:32:37,7777,138,138,0,16³,24744.11,0.0,0.269,880
2026-02-13T22:32:37,7777,138,138,0,16³,23057.3,0.0,0.236,880
2026-02-13T22:32:38,7777,138,138,0,16³,26625.37,0.0,0.242,880
2026-02-13T22:32:38,7777,138,138,0,16³,25118.62,0.0,0.231,880
2026-02-13T22:32:39,7777,138,138,0,16³,26583.27,0.0,0.233,880
2026-02-13T22:32:39,7777,138,138,0,16³,23673.02,0.0,0.26,880
2026-02-13T22:32:40,7777,138,138,0,16³,25701.96,0.0,0.23,880
2026-02-13T22:32:40,7777,138,138,0,16³,23111.72,0.0,0.23,880
2026-02-13T22:32:40,7777,138,138,0,16³,26499.96,0.0,0.232,880
2026-02-13T22:32:41,7777,138,138,0,16³,23899.38,0.0,0.247,880
2026-02-13T22:32:41,7777,138,138,0,16³,25849.9,0.0,0.266,880
2026-02-13T22:32:42,7777,138,138,0,16³,25111.2,0.0,0.236,880
2026-02-13T22:32:42,7777,138,138,0,16³,24869.93,0.0,0.25,880
2026-02-13T22:32:43,7777,138,138,0,16³,24313.86,0.0,0.244,880
2026-02-13T22:32:43,7777,138,138,0,16³,24861.23,0.0,0.221,880
2026-02-13T22:32:44,7777,138,138,0,16³,23304.14,0.0,0.232,880
2026-02-13T22:32:44,7777,138,138,0,16³,24324.65,0.0,0.228,880
2026-02-13T22:32:44,7777,138,138,0,16³,24544.91,0.0,0.224,880
2026-02-13T22:32:45,7777,138,138,0,16³,23486.27,0.0,0.385,880
2026-02-13T22:32:45,7777,138,138,0,16³,25081.35,0.0,0.233,880
2026-02-13T22:32:46,7777,138,138,0,16³,24086.57,0.0,0.226,880
2026-02-13T22:32:46,7777,138,138,0,16³,23780.05,0.0,0.226,880
2026-02-13T22:32:47,7777,138,138,0,16³,24986.96,0.0,0.232,880
2026-02-13T22:32:47,7777,138,138,0,16³,24313.19,0.0,0.236,880
2026-02-13T22:32:48,7777,138,138,0,16³,23674.28,0.0,0.251,880
2026-02-13T22:32:48,7777,138,138,0,16³,23803.93,0.0,0.232,880
2026-02-13T22:32:48,7777,138,138,0,16³,24581.29,0.0,0.229,880
2026-02-13T22:32:49,7777,138,138,0,16³,24727.46,0.0,0.231,880
2026-02-13T22:32:49,7777,138,138,0,16³,23852.96,0.0,0.257,880
2026-02-13T22:32:50,7777,138,138,0,16³,25286.43,0.0,0.241,880
2026-02-13T22:32:50,7777,138,138,0,16³,26329.14,0.0,0.243,880
2026-02-13T22:32:51,7777,138,138,0,16³,24385.02,0.0,0.293,880
2026-02-13T22:32:51,7777,138,138,0,16³,27359.08,0.0,0.241,880
2026-02-13T22:32:51,7777,138,138,0,16³,25072.32,0.0,0.227,880
2026-02-13T22:32:52,7777,138,138,0,16³,23682.69,0.0,0.222,880
2026-02-13T22:32:52,7777,138,138,0,16³,22881.42,0.0,0.254,880
2026-02-13T22:32:53,7777,138,138,0,16³,24787.13,0.0,0.24,880
2026-02-13T22:32:53,7777,138,138,0,16³,26757.97,0.0,0.226,880
2026-02-13T22:32:54,7777,138,138,0,16³,24351.71,0.0,0.289,880
2026-02-13T22:32:54,7777,138,138,0,16³,25170.81,0.0,0.248,880
2026-02-13T22:32:55,7777,138,138,0,16³,24538.94,0.0,0.288,880
2026-02-13T22:32:55,7777,138,138,0,16³,25353.46,0.0,0.259,880
2026-02-13T22:32:55,7777,138,138,0,16³,24159.3,0.0,0.226,880
2026-02-13T22:32:56,7777,138,138,0,16³,26330.14,0.06,0.253,880
2026-02-13T22:34:56,7777,200,138,62,16³,32212.77,0.0,0.27,1500
2026-02-13T22:34:57,7777,138,138,0,16³,24877.27,0.0,0.313,880
2026-02-13T22:34:57,7777,138,138,0,16³,24615.4,0.0,0.287,880
2026-02-13T22:34:58,7777,138,138,0,16³,23455.59,0.0,0.363,880
2026-02-13T22:34:58,7777,138,138,0,16³,24606.54,0.0,0.357,880
2026-02-13T22:34:59,7777,138,138,0,16³,24628.76,0.0,0.256,880
2026-02-13T22:34:59,7777,138,138,0,16³,23560.1,0.0,0.226,880
2026-02-13T22:35:00,7777,138,138,0,16³,25552.84,0.0,0.231,880
2026-02-13T22:35:00,7777,138,138,0,16³,24972.63,0.06,0.221,880
2026-02-13T22:37:01,7777,147,138,9,16³,25052.17,0.0,0.457,970
2026-02-13T22:37:01,7777,138,138,0,16³,24134.9,0.0,0.33,880
2026-02-13T22:37:02,7777,138,138,0,16³,24222.76,0.0,0.245,880
2026-02-13T22:37:02,7777,138,138,0,16³,24163.06,0.0,0.246,880
2026-02-13T22:37:03,7777,138,138,0,16³,23713.31,0.0,0.262,880
2026-02-13T22:37:03,7777,138,138,0,16³,24999.49,0.0,0.236,880
2026-02-13T22:37:04,7777,138,138,0,16³,24775.31,0.0,0.234,880
2026-02-13T22:37:04,7777,138,138,0,16³,24818.91,0.0,0.374,880
2026-02-13T22:37:05,7777,138,138,0,16³,25418.27,0.0,0.251,880
2026-02-13T22:37:05,7777,138,138,0,16³,23993.22,0.0,0.247,880
2026-02-13T22:37:06,7777,138,138,0,16³,23236.87,0.0,0.249,880
2026-02-13T22:37:06,7777,138,138,0,16³,25133.32,0.0,0.281,880
2026-02-13T22:37:06,7777,138,138,0,16³,24140.52,0.0,0.217,880
2026-02-13T22:37:07,7777,138,138,0,16³,25444.17,0.0,0.369,880
2026-02-13T22:37:08,7777,138,138,0,16³,25315.75,0.0,0.289,880
2026-02-13T22:37:08,7777,138,138,0,16³,26985.17,0.06,0.324,880
2026-02-13T22:39:09,7777,154,138,16,16³,27396.12,0.0,0.377,1040
2026-02-13T22:39:09,7777,138,138,0,16³,24590.49,0.0,0.252,880
2026-02-13T22:39:09,7777,138,138,0,16³,22999.28,0.0,0.229,880
2026-02-13T22:39:10,7777,138,138,0,16³,24746.07,0.0,0.272,880
2026-02-13T22:39:10,7777,138,138,0,16³,24035.65,0.0,0.226,880
2026-02-13T22:39:11,7777,138,138,0,16³,24740.33,0.0,0.234,880
2026-02-13T22:39:11,7777,138,138,0,16³,24456.71,0.0,0.223,880
2026-02-13T22:39:12,7777,138,138,0,16³,23902.26,0.0,0.274,880
2026-02-13T22:39:12,7777,138,138,0,16³,24429.37,0.0,0.228,880
2026-02-13T22:39:13,7777,138,138,0,16³,25985.13,0.0,0.256,880
2026-02-13T22:39:13,7777,138,138,0,16³,26153.83,0.0,0.227,880
2026-02-13T22:39:13,7777,138,138,0,16³,24719.48,0.0,0.248,880
2026-02-13T22:39:14,7777,138,138,0,16³,24524.42,0.0,0.271,880
2026-02-13T22:39:14,7777,138,138,0,16³,25104.67,0.06,0.229,880
