timestamp,cycle,scale,modes_count,nodes_created,furcations_count,phase,frequency
2026-04-05T04:14:03.915716,540,1.0,102703,4,10,3.467,10.000
2026-04-05T04:14:03.915716,540,0.1,18002,9,8,4.322,10.000
2026-04-05T04:14:03.915716,540,0.3,16690,14,9,3.489,10.000
2026-04-05T04:14:03.915716,540,3.0,22284,12,6,1.038,3.333
2026-04-05T04:14:03.915716,540,10.0,86010,11,9,1.118,1.000
2026-04-05T04:14:03.915716,540,30.0,20088,10,9,4.026,0.333
2026-04-05T04:14:03.915716,540,100.0,16622,6,4,4.506,0.100
2026-04-05T04:14:33.925007,1080,1.0,102703,13,18,3.290,10.000
2026-04-05T04:14:33.925007,1080,0.1,18002,18,15,4.145,10.000
2026-04-05T04:14:33.925007,1080,0.3,16690,26,18,3.312,10.000
2026-04-05T04:14:33.925007,1080,3.0,22284,24,16,3.074,3.333
2026-04-05T04:14:33.925007,1080,10.0,86010,25,14,2.986,1.000
2026-04-05T04:14:33.925007,1080,30.0,20088,23,19,0.460,0.333
2026-04-05T04:14:33.925007,1080,100.0,16622,16,13,0.923,0.100
2026-04-05T04:15:03.941153,1610,1.0,102703,18,28,4.396,10.000
2026-04-05T04:15:03.941153,1610,0.1,18002,32,21,5.251,10.000
2026-04-05T04:15:03.941153,1610,0.3,16690,36,30,4.418,10.000
2026-04-05T04:15:03.941153,1610,3.0,22284,34,20,3.443,3.333
2026-04-05T04:15:03.941153,1610,10.0,86010,34,23,4.353,1.000
2026-04-05T04:15:03.941153,1610,30.0,20088,35,29,3.010,0.333
2026-04-05T04:15:03.941153,1610,100.0,16622,28,26,3.573,0.100
2026-04-05T04:15:33.987448,2123,1.0,102703,29,34,3.286,10.000
2026-04-05T04:15:33.987448,2123,0.1,18002,42,28,4.140,10.000
2026-04-05T04:15:33.987448,2123,0.3,16690,48,35,3.307,10.000
2026-04-05T04:15:33.987448,2123,3.0,22284,42,27,0.978,3.333
2026-04-05T04:15:33.987448,2123,10.0,86010,46,35,4.870,1.000
2026-04-05T04:15:33.987448,2123,30.0,20088,42,35,5.277,0.333
2026-04-05T04:15:33.987448,2123,100.0,16622,39,35,6.138,0.100
2026-04-05T04:16:04.001449,2658,1.0,102703,38,44,0.609,10.000
2026-04-05T04:16:04.001449,2658,0.1,18002,51,35,1.463,10.000
2026-04-05T04:16:04.001449,2658,0.3,16690,57,42,0.630,10.000
2026-04-05T04:16:04.001449,2658,3.0,22284,49,38,2.180,3.333
2026-04-05T04:16:04.001449,2658,10.0,86010,55,41,0.204,1.000
2026-04-05T04:16:04.001449,2658,30.0,20088,51,44,1.627,0.333
2026-04-05T04:16:04.001449,2658,100.0,16622,51,39,2.529,0.100
2026-04-05T04:16:34.011905,3194,1.0,102703,47,53,4.715,10.000
2026-04-05T04:16:34.011905,3194,0.1,18002,57,49,5.570,10.000
2026-04-05T04:16:34.011905,3194,0.3,16690,66,48,4.737,10.000
2026-04-05T04:16:34.011905,3194,3.0,22284,53,45,3.549,3.333
2026-04-05T04:16:34.011905,3194,10.0,86010,62,56,1.872,1.000
2026-04-05T04:16:34.011905,3194,30.0,20088,67,52,4.277,0.333
2026-04-05T04:16:34.011905,3194,100.0,16622,63,52,5.209,0.100
2026-04-05T04:17:04.061458,3732,1.0,102703,56,65,3.538,10.000
2026-04-05T04:17:04.061458,3732,0.1,18002,67,61,4.393,10.000
2026-04-05T04:17:04.061458,3732,0.3,16690,71,56,3.560,10.000
2026-04-05T04:17:04.061458,3732,3.0,22284,64,52,5.251,3.333
2026-04-05T04:17:04.061458,3732,10.0,86010,70,65,3.639,1.000
2026-04-05T04:17:04.061458,3732,30.0,20088,76,60,0.678,0.333
2026-04-05T04:17:04.061458,3732,100.0,16622,75,68,1.616,0.100
2026-04-05T04:17:34.116448,4262,1.0,102703,64,76,4.644,10.000
2026-04-05T04:17:34.116448,4262,0.1,18002,73,70,5.499,10.000
2026-04-05T04:17:34.116448,4262,0.3,16690,79,65,4.666,10.000
2026-04-05T04:17:34.116448,4262,3.0,22284,74,60,5.620,3.333
2026-04-05T04:17:34.116448,4262,10.0,86010,78,70,5.006,1.000
2026-04-05T04:17:34.116448,4262,30.0,20088,88,67,3.228,0.333
2026-04-05T04:17:34.116448,4262,100.0,16622,81,77,4.266,0.100
2026-04-05T04:18:04.158977,4791,1.0,102703,77,87,5.250,10.000
2026-04-05T04:18:04.158977,4791,0.1,18002,82,78,6.105,10.000
2026-04-05T04:18:04.158977,4791,0.3,16690,91,73,5.272,10.000
2026-04-05T04:18:04.158977,4791,3.0,22284,87,64,5.822,3.333
2026-04-05T04:18:04.158977,4791,10.0,86010,92,78,0.040,1.000
2026-04-05T04:18:04.158977,4791,30.0,20088,96,78,5.761,0.333
2026-04-05T04:18:04.158977,4791,100.0,16622,88,87,0.628,0.100
2026-04-05T04:18:34.196961,5327,1.0,102703,84,99,3.073,10.000
2026-04-05T04:18:34.196961,5327,0.1,18002,90,89,3.928,10.000
2026-04-05T04:18:34.196961,5327,0.3,16690,104,77,3.095,10.000
2026-04-05T04:18:34.196961,5327,3.0,22284,96,75,0.907,3.333
2026-04-05T04:18:34.196961,5327,10.0,86010,100,84,1.707,1.000
2026-04-05T04:18:34.196961,5327,30.0,20088,105,92,2.128,0.333
2026-04-05T04:18:34.196961,5327,100.0,16622,95,94,3.308,0.100
2026-04-05T04:19:04.206904,5866,1.0,102703,91,113,2.396,10.000
2026-04-05T04:19:04.206904,5866,0.1,18002,92,96,3.251,10.000
2026-04-05T04:19:04.206904,5866,0.3,16690,115,86,2.418,10.000
2026-04-05T04:19:04.206904,5866,3.0,22284,103,90,2.776,3.333
2026-04-05T04:19:04.206904,5866,10.0,86010,105,94,3.525,1.000
2026-04-05T04:19:04.206904,5866,30.0,20088,120,103,4.828,0.333
2026-04-05T04:19:04.206904,5866,100.0,16622,106,105,6.003,0.100
