timestamp,cycle,coherence,sync_rate,furcation_rate,total_nodes,total_modes
2026-04-06T03:08:30.185388,100,0.9812,0.600,0.064,20,0
2026-04-06T03:08:36.733382,200,0.9800,0.600,0.064,32,0
2026-04-06T03:08:43.511380,300,0.9800,0.600,0.064,41,0
2026-04-06T03:08:50.257385,400,0.9800,0.600,0.064,55,0
2026-04-06T03:08:56.287387,500,0.9800,0.600,0.064,67,0
2026-04-06T03:09:04.119389,600,0.9800,0.600,0.064,78,0
2026-04-06T03:09:12.861387,700,0.9800,0.600,0.064,90,0
2026-04-06T03:09:21.132385,800,0.9800,0.600,0.064,102,0
2026-04-06T03:09:29.574386,900,0.9800,0.600,0.064,113,0
2026-04-06T03:09:38.347384,1000,0.9800,0.600,0.064,122,0
2026-04-06T03:09:46.837387,1100,0.9800,0.600,0.064,131,0
2026-04-06T03:09:55.049386,1200,0.9800,0.600,0.064,149,0
2026-04-06T03:10:03.101385,1300,0.9800,0.600,0.064,158,0
2026-04-06T03:10:11.197385,1400,0.9800,0.600,0.064,168,0
2026-04-06T03:10:19.728388,1500,0.9800,0.600,0.064,183,0
2026-04-06T03:10:27.759384,1600,0.9800,0.600,0.064,195,0
2026-04-06T03:10:36.109384,1700,0.9800,0.600,0.064,212,0
2026-04-06T03:10:44.272384,1800,0.9800,0.600,0.064,229,0
2026-04-06T03:10:52.389387,1900,0.9800,0.600,0.064,242,0
2026-04-06T03:11:00.400385,2000,0.9800,0.600,0.064,252,0
2026-04-06T03:11:08.796387,2100,0.9800,0.600,0.064,267,0
2026-04-06T03:11:16.995388,2200,0.9800,0.600,0.064,278,0
2026-04-06T03:11:25.371387,2300,0.9800,0.600,0.064,290,0
2026-04-06T03:11:33.645386,2400,0.9800,0.600,0.064,304,0
2026-04-06T03:11:41.763381,2500,0.9800,0.600,0.064,313,0
2026-04-06T03:11:50.226387,2600,0.9800,0.600,0.064,324,0
2026-04-06T03:11:58.515386,2700,0.9800,0.600,0.064,331,0
2026-04-06T03:12:07.217386,2800,0.9800,0.600,0.064,346,0
2026-04-06T03:12:15.712387,2900,0.9800,0.600,0.064,358,0
2026-04-06T03:12:24.685386,3000,0.9800,0.600,0.064,372,0
2026-04-06T03:12:33.317387,3100,0.9800,0.600,0.064,383,0
2026-04-06T03:12:41.768387,3200,0.9800,0.600,0.064,391,0
2026-04-06T03:12:50.203388,3300,0.9800,0.600,0.064,401,0
2026-04-06T03:12:59.056387,3400,0.9800,0.600,0.064,413,0
2026-04-06T03:13:07.084388,3500,0.9800,0.600,0.064,429,0
2026-04-06T03:13:15.411386,3600,0.9800,0.600,0.064,438,0
2026-04-06T03:13:23.702381,3700,0.9800,0.600,0.064,447,0
2026-04-06T03:13:32.018381,3800,0.9800,0.600,0.064,464,0
