timestamp,cycle,event_type,resonance_type,resonance_value,scale,scale_name,complexity,complexity_name,total_nodes,total_modes,coherence,event_time_ms
2026-04-05T04:00:10.517633,2,node_creation,0.3↔1.0,0.827,1.0,слова,3,,1,282399,0.993,810522
2026-04-05T04:00:10.992939,11,node_creation,0.3↔1.0,0.828,3.0,словосочетания,3,,2,282399,0.993,810992
2026-04-05T04:00:11.299939,17,node_creation,0.1↔0.3,0.824,30.0,абзацы,4,метафорический,3,282399,0.993,811299
2026-04-05T04:00:11.656939,24,node_creation,0.3↔1.0,0.817,1.0,слова,3,,4,282399,0.993,811656
2026-04-05T04:00:11.852206,27,node_creation,0.1↔0.3,0.818,10.0,предложения,1,бытовой,5,282399,0.993,811852
2026-04-05T04:00:11.904183,28,node_creation,0.3↔1.0,0.820,3.0,словосочетания,2,научный,6,282399,0.993,811904
2026-04-05T04:00:12.824543,46,node_creation,0.3↔1.0,0.836,30.0,абзацы,1,бытовой,7,282399,0.993,812824
2026-04-05T04:00:12.885518,47,node_creation,0.1↔0.3,0.822,3.0,словосочетания,3,,8,282399,0.993,812885
2026-04-05T04:00:13.010518,49,node_creation,0.1↔0.3,0.827,1.0,слова,1,бытовой,9,282399,0.993,813010
2026-04-05T04:00:13.689150,62,node_creation,0.1↔0.3,0.824,30.0,абзацы,3,,10,282399,0.993,813689
2026-04-05T04:00:14.526855,78,node_creation,0.1↔0.3,0.836,0.1,буквы/слоги,2,научный,11,282399,0.993,814526
2026-04-05T04:00:14.786050,83,node_creation,0.1↔0.3,0.815,30.0,абзацы,1,бытовой,12,282399,0.993,814786
2026-04-05T04:00:15.204057,91,node_creation,0.1↔0.3,0.832,1.0,слова,4,метафорический,13,282399,0.993,815204
2026-04-05T04:00:15.414059,95,node_creation,0.1↔0.3,0.815,10.0,предложения,4,метафорический,14,282399,0.993,815414
2026-04-05T04:00:16.740232,121,node_creation,0.1↔0.3,0.827,30.0,абзацы,4,метафорический,15,282399,0.993,816740
2026-04-05T04:00:17.456762,135,node_creation,0.3↔1.0,0.811,30.0,абзацы,2,научный,16,282399,0.993,817456
2026-04-05T04:00:17.827946,142,node_creation,0.1↔0.3,0.823,10.0,предложения,3,,17,282399,0.993,817827
2026-04-05T04:00:18.088946,147,node_creation,0.3↔1.0,0.809,10.0,предложения,4,метафорический,18,282399,0.993,818088
2026-04-05T04:00:18.246943,150,node_creation,0.1↔0.3,0.828,0.1,буквы/слоги,3,,19,282399,0.993,818246
2026-04-05T04:00:18.297945,151,node_creation,0.3↔1.0,0.833,0.3,буквы/слоги,3,,20,282399,0.993,818297
2026-04-05T04:00:18.735536,159,node_creation,0.3↔1.0,0.822,10.0,предложения,3,,21,282399,0.993,818735
2026-04-05T04:00:18.933681,161,node_creation,0.3↔1.0,0.824,3.0,словосочетания,3,,22,282399,0.993,818933
2026-04-05T04:00:19.092678,163,node_creation,0.3↔1.0,0.822,1.0,слова,1,бытовой,23,282399,0.993,819092
2026-04-05T04:00:19.302707,167,node_creation,0.1↔0.3,0.817,10.0,предложения,2,научный,24,282399,0.993,819302
2026-04-05T04:00:20.144830,183,node_creation,0.1↔0.3,0.825,3.0,словосочетания,2,научный,25,282399,0.993,820144
2026-04-05T04:00:20.998284,199,node_creation,0.1↔0.3,0.822,0.1,буквы/слоги,1,бытовой,26,282399,0.993,820998
2026-04-05T04:00:21.183284,202,node_creation,0.3↔1.0,0.830,100.0,целые тексты,1,бытовой,27,282399,0.993,821183
2026-04-05T04:00:21.647284,211,node_creation,0.1↔0.3,0.830,3.0,словосочетания,4,метафорический,28,282399,0.993,821647
2026-04-05T04:00:21.878959,214,node_creation,0.3↔1.0,0.811,3.0,словосочетания,1,бытовой,29,282399,0.993,821878
2026-04-05T04:00:22.184934,220,node_creation,0.3↔1.0,0.837,30.0,абзацы,1,бытовой,30,282399,0.993,822184
2026-04-05T04:00:23.539635,244,node_creation,0.1↔0.3,0.830,0.1,буквы/слоги,3,,31,282399,0.993,823539
2026-04-05T04:00:24.287921,258,node_creation,0.1↔0.3,0.809,3.0,словосочетания,3,,32,282399,0.993,824287
2026-04-05T04:00:24.912781,269,node_creation,0.1↔0.3,0.822,0.1,буквы/слоги,3,,33,282399,0.993,824912
2026-04-05T04:00:25.183781,273,node_creation,0.1↔0.3,0.837,30.0,абзацы,3,,34,282399,0.993,825183
2026-04-05T04:00:25.295752,275,node_creation,0.3↔1.0,0.812,0.3,буквы/слоги,1,бытовой,35,282399,0.993,825295
2026-04-05T04:00:25.403756,277,node_creation,0.3↔1.0,0.825,30.0,абзацы,1,бытовой,36,282399,0.993,825403
2026-04-05T04:00:25.686399,282,node_creation,0.1↔0.3,0.821,0.1,буквы/слоги,2,научный,37,282399,0.993,825686
2026-04-05T04:00:25.811127,284,node_creation,0.3↔1.0,0.833,0.3,буквы/слоги,3,,38,282399,0.993,825811
2026-04-05T04:00:25.985155,287,node_creation,0.1↔0.3,0.811,0.1,буквы/слоги,3,,39,282399,0.993,825985
2026-04-05T04:00:26.147155,290,node_creation,0.3↔1.0,0.833,3.0,словосочетания,2,научный,40,282399,0.993,826147
2026-04-05T04:00:26.714890,300,node_creation,0.1↔0.3,0.825,0.3,буквы/слоги,1,бытовой,41,282399,0.993,826714
2026-04-05T04:00:27.494790,314,node_creation,0.3↔1.0,0.834,10.0,предложения,2,научный,42,282399,0.993,827494
2026-04-05T04:00:27.574766,315,node_creation,0.1↔0.3,0.829,10.0,предложения,2,научный,43,282399,0.993,827574
2026-04-05T04:00:28.026672,323,node_creation,0.1↔0.3,0.820,100.0,целые тексты,3,,44,282399,0.993,828026
2026-04-05T04:00:28.316697,328,node_creation,0.1↔0.3,0.827,30.0,абзацы,2,научный,45,282399,0.993,828316
2026-04-05T04:00:28.638697,334,node_creation,0.1↔0.3,0.808,1.0,слова,3,,46,282399,0.993,828638
2026-04-05T04:00:28.747395,336,node_creation,0.1↔0.3,0.822,0.1,буквы/слоги,1,бытовой,47,282399,0.993,828747
2026-04-05T04:00:29.221051,343,node_creation,0.1↔0.3,0.825,30.0,абзацы,2,научный,48,282399,0.993,829221
2026-04-05T04:00:29.497079,348,node_creation,0.3↔1.0,0.832,3.0,словосочетания,4,метафорический,49,282399,0.993,829497
2026-04-05T04:00:29.568056,349,node_creation,0.3↔1.0,0.830,0.3,буквы/слоги,3,,50,282399,0.993,829568
2026-04-05T04:00:29.699777,351,node_creation,0.3↔1.0,0.830,10.0,предложения,2,научный,51,282399,0.993,829699
2026-04-05T04:00:29.836412,353,node_creation,0.1↔0.3,0.832,3.0,словосочетания,1,бытовой,52,282399,0.993,829836
2026-04-05T04:00:30.018441,356,node_creation,0.3↔1.0,0.819,10.0,предложения,4,метафорический,53,282399,0.993,830018
2026-04-05T04:00:30.161418,358,node_creation,0.3↔1.0,0.810,3.0,словосочетания,4,метафорический,54,282399,0.993,830161
2026-04-05T04:00:30.477441,364,node_creation,0.1↔0.3,0.823,3.0,словосочетания,2,научный,55,282399,0.993,830477
2026-04-05T04:00:31.816727,385,node_creation,0.1↔0.3,0.838,30.0,абзацы,1,бытовой,56,282399,0.993,831816
2026-04-05T04:00:32.206698,391,node_creation,0.1↔0.3,0.834,30.0,абзацы,2,научный,57,282399,0.993,832206
2026-04-05T04:00:32.315698,393,node_creation,0.1↔0.3,0.826,0.1,буквы/слоги,1,бытовой,58,282399,0.993,832317
2026-04-05T04:00:32.551726,397,node_creation,0.1↔0.3,0.831,0.3,буквы/слоги,1,бытовой,59,282399,0.993,832551
2026-04-05T04:00:32.783278,401,node_creation,0.1↔0.3,0.810,30.0,абзацы,1,бытовой,60,282399,0.993,832783
2026-04-05T04:00:33.044298,406,node_creation,0.1↔0.3,0.827,0.1,буквы/слоги,2,научный,61,282399,0.993,833044
2026-04-05T04:00:33.287278,410,node_creation,0.3↔1.0,0.828,0.1,буквы/слоги,3,,62,282399,0.993,833287
2026-04-05T04:00:33.796907,420,node_creation,0.1↔0.3,0.822,0.1,буквы/слоги,1,бытовой,63,282399,0.993,833796
2026-04-05T04:00:34.521914,434,node_creation,0.3↔1.0,0.831,0.3,буквы/слоги,3,,64,282399,0.993,834521
2026-04-05T04:00:35.140258,446,node_creation,0.1↔0.3,0.823,30.0,абзацы,1,бытовой,65,282399,0.993,835140
2026-04-05T04:00:35.242259,448,node_creation,0.1↔0.3,0.827,30.0,абзацы,3,,66,282399,0.993,835242
2026-04-05T04:00:35.643253,455,node_creation,0.3↔1.0,0.821,0.1,буквы/слоги,2,научный,67,282399,0.993,835643
2026-04-05T04:00:35.917126,460,node_creation,0.3↔1.0,0.820,1.0,слова,1,бытовой,68,282399,0.993,835917
2026-04-05T04:00:36.133124,464,node_creation,0.3↔1.0,0.829,100.0,целые тексты,1,бытовой,69,282399,0.993,836133
2026-04-05T04:00:36.200127,465,node_creation,0.3↔1.0,0.821,0.3,буквы/слоги,1,бытовой,70,282399,0.993,836200
2026-04-05T04:00:36.383151,468,node_creation,0.3↔1.0,0.830,30.0,абзацы,3,,71,282399,0.993,836383
2026-04-05T04:00:36.604150,472,node_creation,0.1↔0.3,0.813,30.0,абзацы,1,бытовой,72,282399,0.993,836604
2026-04-05T04:00:36.767734,474,node_creation,0.1↔0.3,0.820,100.0,целые тексты,2,научный,73,282399,0.993,836767
2026-04-05T04:00:37.208487,482,node_creation,0.3↔1.0,0.828,0.3,буквы/слоги,3,,74,282399,0.993,837208
2026-04-05T04:00:37.372469,485,node_creation,0.3↔1.0,0.828,3.0,словосочетания,4,метафорический,75,282399,0.993,837372
2026-04-05T04:00:37.547487,488,node_creation,0.3↔1.0,0.826,100.0,целые тексты,1,бытовой,76,282399,0.993,837547
2026-04-05T04:00:37.803745,493,node_creation,0.3↔1.0,0.813,10.0,предложения,2,научный,77,282399,0.993,837803
2026-04-05T04:00:38.344746,503,node_creation,0.3↔1.0,0.824,10.0,предложения,3,,78,282399,0.993,838344
2026-04-05T04:00:38.731399,510,node_creation,0.1↔0.3,0.812,30.0,абзацы,1,бытовой,79,282399,0.993,838731
2026-04-05T04:00:39.581092,526,node_creation,0.3↔1.0,0.812,100.0,целые тексты,1,бытовой,80,282399,0.993,839581
2026-04-05T04:00:40.184398,537,node_creation,0.3↔1.0,0.833,0.1,буквы/слоги,4,метафорический,81,282399,0.993,840184
2026-04-05T04:00:40.526422,543,node_creation,0.3↔1.0,0.809,1.0,слова,3,,82,282399,0.993,840526
2026-04-05T04:00:41.012442,551,node_creation,0.1↔0.3,0.829,0.3,буквы/слоги,4,метафорический,83,282399,0.993,841012
2026-04-05T04:00:41.554417,561,node_creation,0.3↔1.0,0.828,0.3,буквы/слоги,3,,84,282399,0.993,841554
2026-04-05T04:00:42.454045,578,node_creation,0.3↔1.0,0.824,0.3,буквы/слоги,3,,85,282399,0.993,842454
2026-04-05T04:00:42.512016,579,node_creation,0.3↔1.0,0.830,0.1,буквы/слоги,2,научный,86,282399,0.993,842512
2026-04-05T04:00:43.037550,588,node_creation,0.1↔0.3,0.835,0.1,буквы/слоги,1,бытовой,87,282399,0.993,843037
2026-04-05T04:00:43.210551,591,node_creation,0.3↔1.0,0.834,3.0,словосочетания,2,научный,88,282399,0.993,843210
2026-04-05T04:00:44.132994,609,node_creation,0.1↔0.3,0.809,0.1,буквы/слоги,1,бытовой,89,282399,0.993,844132
2026-04-05T04:00:44.365013,613,node_creation,0.3↔1.0,0.830,30.0,абзацы,4,метафорический,90,282399,0.993,844365
2026-04-05T04:00:45.294281,631,node_creation,0.1↔0.3,0.821,100.0,целые тексты,1,бытовой,91,282399,0.993,845294
2026-04-05T04:00:45.368255,632,node_creation,0.3↔1.0,0.822,30.0,абзацы,1,бытовой,92,282399,0.993,845368
2026-04-05T04:00:45.601282,636,node_creation,0.1↔0.3,0.835,3.0,словосочетания,2,научный,93,282399,0.993,845601
2026-04-05T04:00:46.175772,646,node_creation,0.1↔0.3,0.816,0.3,буквы/слоги,1,бытовой,94,282399,0.993,846175
2026-04-05T04:00:47.107024,664,node_creation,0.1↔0.3,0.825,0.3,буквы/слоги,3,,95,282399,0.993,847107
2026-04-05T04:00:47.332998,668,node_creation,0.3↔1.0,0.816,0.3,буквы/слоги,3,,96,282399,0.993,847332
2026-04-05T04:00:47.653024,674,node_creation,0.1↔0.3,0.831,1.0,слова,4,метафорический,97,282399,0.993,847653
2026-04-05T04:00:47.781163,676,node_creation,0.1↔0.3,0.831,3.0,словосочетания,1,бытовой,98,282399,0.993,847783
2026-04-05T04:00:47.998172,680,node_creation,0.1↔0.3,0.819,10.0,предложения,4,метафорический,99,282399,0.993,847998
2026-04-05T04:00:48.315191,686,node_creation,0.3↔1.0,0.815,0.3,буквы/слоги,1,бытовой,100,282399,0.993,848315
2026-04-05T04:00:48.397168,687,node_creation,0.1↔0.3,0.834,10.0,предложения,1,бытовой,101,282399,0.993,848397
2026-04-05T04:00:48.501163,689,node_creation,0.1↔0.3,0.826,30.0,абзацы,3,,102,282399,0.993,848501
2026-04-05T04:00:48.584168,690,node_creation,0.1↔0.3,0.832,1.0,слова,2,научный,103,282399,0.993,848584
2026-04-05T04:00:49.114606,700,node_creation,0.1↔0.3,0.831,30.0,абзацы,1,бытовой,104,282399,0.993,849114
2026-04-05T04:00:49.362606,703,node_creation,0.3↔1.0,0.814,100.0,целые тексты,1,бытовой,105,282399,0.993,849362
2026-04-05T04:00:49.540613,706,node_creation,0.1↔0.3,0.814,1.0,слова,3,,106,282399,0.993,849540
2026-04-05T04:00:49.614609,707,node_creation,0.3↔1.0,0.810,30.0,абзацы,1,бытовой,107,282399,0.993,849614
2026-04-05T04:00:49.897628,712,node_creation,0.1↔0.3,0.833,1.0,слова,1,бытовой,108,282399,0.993,849897
2026-04-05T04:00:50.050628,715,node_creation,0.3↔1.0,0.827,3.0,словосочетания,2,научный,109,282399,0.993,850050
2026-04-05T04:00:50.217601,718,node_creation,0.1↔0.3,0.821,0.1,буквы/слоги,3,,110,282399,0.993,850217
2026-04-05T04:00:50.332601,720,node_creation,0.1↔0.3,0.822,30.0,абзацы,2,научный,111,282399,0.993,850332
2026-04-05T04:00:50.472603,722,node_creation,0.1↔0.3,0.817,1.0,слова,3,,112,282399,0.993,850472
2026-04-05T04:00:50.698283,726,node_creation,0.1↔0.3,0.831,30.0,абзацы,1,бытовой,113,282399,0.993,850698
2026-04-05T04:00:50.961748,730,node_creation,0.3↔1.0,0.834,1.0,слова,2,научный,114,282399,0.993,850961
2026-04-05T04:00:51.295748,736,node_creation,0.3↔1.0,0.826,3.0,словосочетания,2,научный,115,282399,0.993,851295
2026-04-05T04:00:51.548748,740,node_creation,0.3↔1.0,0.810,0.3,буквы/слоги,3,,116,282399,0.993,851548
2026-04-05T04:00:51.728279,743,node_creation,0.1↔0.3,0.817,3.0,словосочетания,2,научный,117,282399,0.993,851728
2026-04-05T04:00:51.967938,747,node_creation,0.1↔0.3,0.821,100.0,целые тексты,1,бытовой,118,282399,0.993,851967
2026-04-05T04:00:52.080910,749,node_creation,0.3↔1.0,0.824,0.1,буквы/слоги,2,научный,119,282399,0.993,852080
2026-04-05T04:00:52.487938,756,node_creation,0.1↔0.3,0.815,30.0,абзацы,1,бытовой,120,282399,0.993,852487
2026-04-05T04:00:52.766266,761,node_creation,0.3↔1.0,0.824,10.0,предложения,3,,121,282399,0.993,852766
2026-04-05T04:00:53.248267,770,node_creation,0.1↔0.3,0.815,1.0,слова,2,научный,122,282399,0.993,853248
2026-04-05T04:00:53.558266,776,node_creation,0.1↔0.3,0.826,1.0,слова,1,бытовой,123,282399,0.993,853558
2026-04-05T04:00:53.998661,784,node_creation,0.3↔1.0,0.810,30.0,абзацы,1,бытовой,124,282399,0.993,853998
2026-04-05T04:00:54.370635,790,node_creation,0.1↔0.3,0.826,1.0,слова,3,,125,282399,0.993,854370
2026-04-05T04:00:54.432639,791,node_creation,0.1↔0.3,0.832,10.0,предложения,3,,126,282399,0.993,854432
2026-04-05T04:00:54.874665,799,node_creation,0.1↔0.3,0.822,0.1,буквы/слоги,2,научный,127,282399,0.993,854874
2026-04-05T04:00:55.221664,805,node_creation,0.3↔1.0,0.836,1.0,слова,3,,128,282399,0.993,855221
2026-04-05T04:00:56.047969,821,node_creation,0.1↔0.3,0.815,10.0,предложения,2,научный,129,282399,0.993,856047
2026-04-05T04:00:56.470951,828,node_creation,0.3↔1.0,0.827,100.0,целые тексты,3,,130,282399,0.993,856470
2026-04-05T04:00:57.311192,843,node_creation,0.1↔0.3,0.813,1.0,слова,3,,131,282399,0.993,857311
2026-04-05T04:00:57.577193,848,node_creation,0.1↔0.3,0.831,1.0,слова,3,,132,282399,0.993,857577
2026-04-05T04:00:58.102439,858,node_creation,0.1↔0.3,0.824,10.0,предложения,1,бытовой,133,282399,0.993,858102
2026-04-05T04:00:58.309415,860,node_creation,0.3↔1.0,0.812,30.0,абзацы,1,бытовой,134,282399,0.993,858309
2026-04-05T04:00:58.378412,861,node_creation,0.3↔1.0,0.822,10.0,предложения,1,бытовой,135,282399,0.993,858378
2026-04-05T04:00:58.446414,862,node_creation,0.3↔1.0,0.832,30.0,абзацы,2,научный,136,282399,0.993,858447
2026-04-05T04:00:59.175084,876,node_creation,0.1↔0.3,0.822,0.3,буквы/слоги,4,метафорический,137,282399,0.993,859175
2026-04-05T04:01:00.381361,899,node_creation,0.3↔1.0,0.823,0.3,буквы/слоги,3,,138,282399,0.993,860381
2026-04-05T04:01:00.721011,905,node_creation,0.1↔0.3,0.826,30.0,абзацы,1,бытовой,139,282399,0.993,860721
2026-04-05T04:01:00.858171,907,node_creation,0.3↔1.0,0.837,0.1,буквы/слоги,1,бытовой,140,282399,0.993,860858
2026-04-05T04:01:01.683830,922,node_creation,0.3↔1.0,0.819,0.1,буквы/слоги,3,,141,282399,0.993,861683
2026-04-05T04:01:01.763826,923,node_creation,0.1↔0.3,0.831,30.0,абзацы,3,,142,282399,0.993,861763
2026-04-05T04:01:01.970538,927,node_creation,0.1↔0.3,0.809,0.1,буквы/слоги,2,научный,143,282399,0.993,861970
2026-04-05T04:01:02.590564,939,node_creation,0.1↔0.3,0.823,30.0,абзацы,2,научный,144,282399,0.993,862590
2026-04-05T04:01:02.934382,945,node_creation,0.1↔0.3,0.815,0.1,буквы/слоги,3,,145,282399,0.993,862934
2026-04-05T04:01:02.988356,946,node_creation,0.1↔0.3,0.827,10.0,предложения,2,научный,146,282399,0.993,862988
2026-04-05T04:01:03.211382,950,node_creation,0.1↔0.3,0.837,100.0,целые тексты,2,научный,147,282399,0.993,863211
2026-04-05T04:01:03.456363,954,node_creation,0.1↔0.3,0.833,3.0,словосочетания,1,бытовой,148,282399,0.993,863456
2026-04-05T04:01:04.095770,966,node_creation,0.1↔0.3,0.818,30.0,абзацы,1,бытовой,149,282399,0.993,864095
2026-04-05T04:01:04.487770,973,node_creation,0.1↔0.3,0.820,3.0,словосочетания,2,научный,150,282399,0.993,864487
2026-04-05T04:01:04.864079,980,node_creation,0.1↔0.3,0.835,10.0,предложения,1,бытовой,151,282399,0.993,864864
2026-04-05T04:01:05.028059,982,node_creation,0.1↔0.3,0.809,0.3,буквы/слоги,3,,152,282399,0.993,865028
2026-04-05T04:01:05.200080,985,node_creation,0.1↔0.3,0.821,30.0,абзацы,4,метафорический,153,282399,0.993,865200
2026-04-05T04:01:06.868292,1017,node_creation,0.3↔1.0,0.815,1.0,слова,2,научный,154,282399,0.993,866868
2026-04-05T04:01:07.369292,1025,node_creation,0.3↔1.0,0.826,30.0,абзацы,2,научный,155,282399,0.993,867369
2026-04-05T04:01:08.700178,1051,node_creation,0.3↔1.0,0.827,100.0,целые тексты,2,научный,156,282399,0.993,868700
2026-04-05T04:01:09.335656,1063,node_creation,0.3↔1.0,0.832,1.0,слова,2,научный,157,282399,0.993,869335
2026-04-05T04:01:09.471656,1065,node_creation,0.1↔0.3,0.828,1.0,слова,2,научный,158,282399,0.993,869471
2026-04-05T04:01:09.525653,1066,node_creation,0.3↔1.0,0.809,3.0,словосочетания,1,бытовой,159,282399,0.993,869525
2026-04-05T04:01:09.879982,1072,node_creation,0.3↔1.0,0.825,0.1,буквы/слоги,1,бытовой,160,282399,0.993,869879
2026-04-05T04:01:10.262982,1079,node_creation,0.1↔0.3,0.834,0.3,буквы/слоги,1,бытовой,161,282399,0.993,870262
2026-04-05T04:01:10.875280,1089,node_creation,0.1↔0.3,0.816,3.0,словосочетания,2,научный,162,282399,0.993,870875
2026-04-05T04:01:11.157261,1094,node_creation,0.3↔1.0,0.819,3.0,словосочетания,2,научный,163,282399,0.993,871157
2026-04-05T04:01:11.389261,1098,node_creation,0.1↔0.3,0.810,100.0,целые тексты,3,,164,282399,0.993,871389
2026-04-05T04:01:11.556281,1101,node_creation,0.3↔1.0,0.819,3.0,словосочетания,3,,165,282399,0.993,871556
2026-04-05T04:01:11.684852,1103,node_creation,0.1↔0.3,0.828,0.1,буквы/слоги,1,бытовой,166,282399,0.993,871684
2026-04-05T04:01:11.771860,1104,node_creation,0.1↔0.3,0.826,3.0,словосочетания,1,бытовой,167,282399,0.993,871772
2026-04-05T04:01:12.455501,1117,node_creation,0.1↔0.3,0.837,30.0,абзацы,4,метафорический,168,282399,0.993,872455
2026-04-05T04:01:12.711179,1121,node_creation,0.3↔1.0,0.822,1.0,слова,3,,169,282399,0.993,872711
2026-04-05T04:01:13.073782,1128,node_creation,0.3↔1.0,0.835,0.3,буквы/слоги,1,бытовой,170,282399,0.993,873073
2026-04-05T04:01:13.297801,1132,node_creation,0.1↔0.3,0.811,0.1,буквы/слоги,2,научный,171,282399,0.993,873297
2026-04-05T04:01:13.987696,1145,node_creation,0.3↔1.0,0.827,10.0,предложения,4,метафорический,172,282399,0.993,873987
2026-04-05T04:01:14.578702,1156,node_creation,0.1↔0.3,0.837,30.0,абзацы,1,бытовой,173,282399,0.993,874578
2026-04-05T04:01:15.284107,1169,node_creation,0.1↔0.3,0.810,0.1,буквы/слоги,3,,174,282399,0.993,875284
2026-04-05T04:01:15.360078,1170,node_creation,0.1↔0.3,0.836,100.0,целые тексты,3,,175,282399,0.993,875360
2026-04-05T04:01:15.425084,1171,node_creation,0.1↔0.3,0.825,10.0,предложения,1,бытовой,176,282399,0.993,875425
2026-04-05T04:01:15.635107,1175,node_creation,0.1↔0.3,0.826,10.0,предложения,3,,177,282399,0.993,875635
2026-04-05T04:01:15.725093,1176,node_creation,0.3↔1.0,0.835,3.0,словосочетания,1,бытовой,178,282399,0.993,875725
2026-04-05T04:01:16.116432,1183,node_creation,0.3↔1.0,0.824,100.0,целые тексты,1,бытовой,179,282399,0.993,876116
2026-04-05T04:01:16.276428,1185,node_creation,0.3↔1.0,0.837,0.3,буквы/слоги,1,бытовой,180,282399,0.993,876276
2026-04-05T04:01:16.905224,1196,node_creation,0.1↔0.3,0.837,0.3,буквы/слоги,1,бытовой,181,282399,0.993,876905
2026-04-05T04:01:16.984218,1197,node_creation,0.1↔0.3,0.823,3.0,словосочетания,1,бытовой,182,282399,0.993,876984
2026-04-05T04:01:17.267248,1202,node_creation,0.3↔1.0,0.825,1.0,слова,1,бытовой,183,282399,0.993,877267
2026-04-05T04:01:17.532247,1206,node_creation,0.1↔0.3,0.810,30.0,абзацы,1,бытовой,184,282399,0.993,877532
2026-04-05T04:01:17.762497,1210,node_creation,0.1↔0.3,0.809,0.3,буквы/слоги,1,бытовой,185,282399,0.993,877762
2026-04-05T04:01:18.973452,1232,node_creation,0.1↔0.3,0.816,100.0,целые тексты,4,метафорический,186,282399,0.993,878973
2026-04-05T04:01:19.822780,1248,node_creation,0.1↔0.3,0.814,100.0,целые тексты,3,,187,282399,0.993,879822
2026-04-05T04:01:20.069803,1252,node_creation,0.3↔1.0,0.830,3.0,словосочетания,4,метафорический,188,282399,0.993,880069
2026-04-05T04:01:20.318803,1256,node_creation,0.3↔1.0,0.822,0.3,буквы/слоги,4,метафорический,189,282399,0.993,880318
2026-04-05T04:01:21.013467,1269,node_creation,0.1↔0.3,0.835,100.0,целые тексты,3,,190,282399,0.993,881013
2026-04-05T04:01:21.360486,1275,node_creation,0.3↔1.0,0.818,0.3,буквы/слоги,3,,191,282399,0.993,881360
2026-04-05T04:01:21.977957,1286,node_creation,0.3↔1.0,0.821,10.0,предложения,3,,192,282399,0.993,881977
2026-04-05T04:01:22.369948,1293,node_creation,0.3↔1.0,0.815,0.1,буквы/слоги,1,бытовой,193,282399,0.993,882369
2026-04-05T04:01:22.864806,1302,node_creation,0.1↔0.3,0.821,100.0,целые тексты,1,бытовой,194,282399,0.993,882864
2026-04-05T04:01:23.767157,1319,node_creation,0.3↔1.0,0.825,30.0,абзацы,2,научный,195,282399,0.993,883767
2026-04-05T04:01:24.046164,1324,node_creation,0.1↔0.3,0.825,0.1,буквы/слоги,4,метафорический,196,282399,0.993,884046
2026-04-05T04:01:24.467183,1331,node_creation,0.3↔1.0,0.831,10.0,предложения,1,бытовой,197,282399,0.993,884467
2026-04-05T04:01:24.672839,1335,node_creation,0.1↔0.3,0.836,3.0,словосочетания,3,,198,282399,0.993,884672
2026-04-05T04:01:25.084801,1342,node_creation,0.3↔1.0,0.822,10.0,предложения,2,научный,199,282399,0.993,885084
2026-04-05T04:01:25.394801,1347,node_creation,0.3↔1.0,0.831,1.0,слова,3,,200,282399,0.993,885394
2026-04-05T04:01:25.450773,1348,node_creation,0.3↔1.0,0.817,1.0,слова,1,бытовой,201,282399,0.993,885450
2026-04-05T04:01:25.973623,1357,node_creation,0.3↔1.0,0.813,1.0,слова,4,метафорический,202,282399,0.993,885973
2026-04-05T04:01:26.083601,1359,node_creation,0.1↔0.3,0.837,1.0,слова,2,научный,203,282399,0.993,886083
2026-04-05T04:01:26.388605,1364,node_creation,0.1↔0.3,0.835,1.0,слова,3,,204,282399,0.993,886388
2026-04-05T04:01:26.574601,1367,node_creation,0.1↔0.3,0.832,0.1,буквы/слоги,1,бытовой,205,282399,0.993,886574
2026-04-05T04:01:26.848706,1372,node_creation,0.1↔0.3,0.812,0.3,буквы/слоги,1,бытовой,206,282399,0.993,886848
2026-04-05T04:01:27.553730,1385,node_creation,0.1↔0.3,0.833,0.3,буквы/слоги,1,бытовой,207,282399,0.993,887553
2026-04-05T04:01:27.624709,1386,node_creation,0.1↔0.3,0.830,3.0,словосочетания,3,,208,282399,0.993,887624
2026-04-05T04:01:27.758966,1388,node_creation,0.3↔1.0,0.832,3.0,словосочетания,1,бытовой,209,282399,0.993,887758
2026-04-05T04:01:28.144708,1395,node_creation,0.3↔1.0,0.822,30.0,абзацы,2,научный,210,282399,0.993,888151
2026-04-05T04:01:28.238707,1396,node_creation,0.1↔0.3,0.813,100.0,целые тексты,2,научный,211,282399,0.993,888238
2026-04-05T04:01:28.416711,1399,node_creation,0.1↔0.3,0.838,0.3,буквы/слоги,4,метафорический,212,282399,0.993,888416
2026-04-05T04:01:29.183527,1413,node_creation,0.3↔1.0,0.834,30.0,абзацы,4,метафорический,213,282399,0.993,889183
2026-04-05T04:01:29.403530,1416,node_creation,0.1↔0.3,0.837,100.0,целые тексты,3,,214,282399,0.993,889403
2026-04-05T04:01:29.736416,1421,node_creation,0.1↔0.3,0.827,30.0,абзацы,2,научный,215,282399,0.993,889736
2026-04-05T04:01:29.930042,1424,node_creation,0.1↔0.3,0.811,3.0,словосочетания,2,научный,216,282399,0.993,889930
2026-04-05T04:01:30.081020,1426,node_creation,0.1↔0.3,0.832,30.0,абзацы,3,,217,282399,0.993,890081
2026-04-05T04:01:30.227020,1428,node_creation,0.1↔0.3,0.818,10.0,предложения,3,,218,282399,0.993,890227
2026-04-05T04:01:30.297018,1429,node_creation,0.1↔0.3,0.830,0.1,буквы/слоги,1,бытовой,219,282399,0.993,890297
2026-04-05T04:01:30.375020,1430,node_creation,0.3↔1.0,0.811,0.1,буквы/слоги,3,,220,282399,0.993,890375
2026-04-05T04:01:30.446014,1431,node_creation,0.1↔0.3,0.832,100.0,целые тексты,3,,221,282399,0.993,890446
2026-04-05T04:01:30.642042,1434,node_creation,0.1↔0.3,0.820,0.1,буквы/слоги,1,бытовой,222,282399,0.993,890642
2026-04-05T04:01:30.731227,1435,node_creation,0.3↔1.0,0.835,30.0,абзацы,3,,223,282399,0.993,890731
2026-04-05T04:01:31.001362,1440,node_creation,0.1↔0.3,0.809,10.0,предложения,3,,224,282399,0.993,891001
2026-04-05T04:01:31.384381,1447,node_creation,0.3↔1.0,0.829,1.0,слова,2,научный,225,282399,0.993,891384
2026-04-05T04:01:31.918676,1457,node_creation,0.1↔0.3,0.838,10.0,предложения,2,научный,226,282399,0.993,891918
2026-04-05T04:01:32.747328,1473,node_creation,0.1↔0.3,0.829,3.0,словосочетания,1,бытовой,227,282399,0.993,892747
2026-04-05T04:01:33.147088,1480,node_creation,0.3↔1.0,0.831,30.0,абзацы,2,научный,228,282399,0.993,893147
2026-04-05T04:01:33.449088,1485,node_creation,0.3↔1.0,0.814,0.1,буквы/слоги,4,метафорический,229,282399,0.993,893449
2026-04-05T04:01:33.958511,1495,node_creation,0.3↔1.0,0.823,100.0,целые тексты,1,бытовой,230,282399,0.993,893958
2026-04-05T04:01:34.120485,1498,node_creation,0.1↔0.3,0.830,3.0,словосочетания,3,,231,282399,0.993,894120
2026-04-05T04:01:34.382487,1503,node_creation,0.1↔0.3,0.830,1.0,слова,4,метафорический,232,282399,0.993,894382
2026-04-05T04:01:34.923271,1513,node_creation,0.1↔0.3,0.818,3.0,словосочетания,1,бытовой,233,282399,0.993,894923
2026-04-05T04:01:35.072267,1515,node_creation,0.3↔1.0,0.824,3.0,словосочетания,2,научный,234,282399,0.993,895073
2026-04-05T04:01:35.181263,1517,node_creation,0.1↔0.3,0.828,0.1,буквы/слоги,3,,235,282399,0.993,895181
2026-04-05T04:01:35.233270,1518,node_creation,0.1↔0.3,0.826,1.0,слова,2,научный,236,282399,0.993,895233
2026-04-05T04:01:35.844504,1530,node_creation,0.3↔1.0,0.829,1.0,слова,2,научный,237,282399,0.993,895844
2026-04-05T04:01:36.447479,1541,node_creation,0.3↔1.0,0.812,3.0,словосочетания,1,бытовой,238,282399,0.993,896447
2026-04-05T04:01:36.844819,1548,node_creation,0.3↔1.0,0.824,1.0,слова,3,,239,282399,0.993,896844
2026-04-05T04:01:37.327819,1556,node_creation,0.3↔1.0,0.834,0.3,буквы/слоги,1,бытовой,240,282399,0.993,897327
2026-04-05T04:01:38.113023,1570,node_creation,0.1↔0.3,0.809,0.1,буквы/слоги,1,бытовой,241,282399,0.993,898113
2026-04-05T04:01:38.316019,1572,node_creation,0.1↔0.3,0.819,1.0,слова,1,бытовой,242,282399,0.993,898316
2026-04-05T04:01:38.394019,1573,node_creation,0.3↔1.0,0.813,30.0,абзацы,2,научный,243,282399,0.993,898394
2026-04-05T04:01:38.653020,1578,node_creation,0.1↔0.3,0.810,0.1,буквы/слоги,3,,244,282399,0.993,898653
2026-04-05T04:01:38.881522,1582,node_creation,0.1↔0.3,0.823,30.0,абзацы,2,научный,245,282399,0.993,898881
2026-04-05T04:01:39.164522,1587,node_creation,0.1↔0.3,0.832,1.0,слова,4,метафорический,246,282399,0.993,899164
2026-04-05T04:01:39.303495,1589,node_creation,0.1↔0.3,0.829,30.0,абзацы,3,,247,282399,0.993,899304
2026-04-05T04:01:39.668177,1596,node_creation,0.1↔0.3,0.832,1.0,слова,2,научный,248,282399,0.993,899668
2026-04-05T04:01:39.910782,1600,node_creation,0.3↔1.0,0.816,30.0,абзацы,3,,249,282399,0.993,899910
2026-04-05T04:01:40.482782,1611,node_creation,0.1↔0.3,0.815,0.3,буквы/слоги,1,бытовой,250,282399,0.993,900482
2026-04-05T04:01:40.557753,1612,node_creation,0.3↔1.0,0.815,30.0,абзацы,3,,251,282399,0.993,900560
2026-04-05T04:01:40.636759,1613,node_creation,0.1↔0.3,0.827,10.0,предложения,2,научный,252,282399,0.993,900636
2026-04-05T04:01:40.980784,1619,node_creation,0.1↔0.3,0.814,100.0,целые тексты,2,научный,253,282399,0.993,900980
2026-04-05T04:01:41.531756,1629,node_creation,0.3↔1.0,0.822,30.0,абзацы,1,бытовой,254,282399,0.993,901531
2026-04-05T04:01:42.012556,1637,node_creation,0.1↔0.3,0.832,3.0,словосочетания,3,,255,282399,0.993,902012
2026-04-05T04:01:42.330530,1642,node_creation,0.1↔0.3,0.821,3.0,словосочетания,3,,256,282399,0.993,902330
2026-04-05T04:01:42.687162,1649,node_creation,0.3↔1.0,0.808,0.1,буквы/слоги,2,научный,257,282399,0.993,902687
2026-04-05T04:01:43.279780,1660,node_creation,0.3↔1.0,0.837,3.0,словосочетания,2,научный,258,282399,0.993,903279
2026-04-05T04:01:43.360774,1661,node_creation,0.1↔0.3,0.823,100.0,целые тексты,4,метафорический,259,282399,0.993,903360
2026-04-05T04:01:43.476799,1663,node_creation,0.1↔0.3,0.808,100.0,целые тексты,2,научный,260,282399,0.993,903476
2026-04-05T04:01:43.533772,1664,node_creation,0.1↔0.3,0.818,10.0,предложения,3,,261,282399,0.993,903533
2026-04-05T04:01:43.917669,1671,node_creation,0.3↔1.0,0.815,100.0,целые тексты,1,бытовой,262,282399,0.993,903917
2026-04-05T04:01:44.175668,1675,node_creation,0.3↔1.0,0.816,0.3,буквы/слоги,1,бытовой,263,282399,0.993,904175
2026-04-05T04:01:44.266665,1676,node_creation,0.1↔0.3,0.836,10.0,предложения,2,научный,264,282399,0.993,904266
2026-04-05T04:01:44.659688,1682,node_creation,0.3↔1.0,0.817,10.0,предложения,2,научный,265,282399,0.993,904659
2026-04-05T04:01:44.883395,1686,node_creation,0.1↔0.3,0.827,3.0,словосочетания,1,бытовой,266,282399,0.993,904883
2026-04-05T04:01:44.934366,1687,node_creation,0.1↔0.3,0.810,0.3,буквы/слоги,1,бытовой,267,282399,0.993,904934
2026-04-05T04:01:45.261395,1693,node_creation,0.1↔0.3,0.822,0.1,буквы/слоги,1,бытовой,268,282399,0.993,905261
2026-04-05T04:01:45.313367,1694,node_creation,0.3↔1.0,0.816,1.0,слова,2,научный,269,282399,0.993,905313
2026-04-05T04:01:45.433367,1696,node_creation,0.1↔0.3,0.824,30.0,абзацы,2,научный,270,282399,0.993,905433
2026-04-05T04:01:46.187835,1710,node_creation,0.1↔0.3,0.811,3.0,словосочетания,3,,271,282399,0.993,906187
2026-04-05T04:01:46.802092,1721,node_creation,0.1↔0.3,0.820,100.0,целые тексты,3,,272,282399,0.993,906802
2026-04-05T04:01:47.345091,1730,node_creation,0.1↔0.3,0.832,10.0,предложения,2,научный,273,282399,0.993,907345
2026-04-05T04:01:47.481088,1732,node_creation,0.1↔0.3,0.808,30.0,абзацы,1,бытовой,274,282399,0.993,907481
2026-04-05T04:01:47.560088,1733,node_creation,0.3↔1.0,0.831,0.1,буквы/слоги,3,,275,282399,0.993,907560
2026-04-05T04:01:47.629091,1734,node_creation,0.1↔0.3,0.824,3.0,словосочетания,3,,276,282399,0.993,907629
2026-04-05T04:01:47.955043,1740,node_creation,0.1↔0.3,0.827,1.0,слова,2,научный,277,282399,0.993,907955
2026-04-05T04:01:48.029014,1741,node_creation,0.3↔1.0,0.827,3.0,словосочетания,1,бытовой,278,282399,0.993,908029
2026-04-05T04:01:48.368043,1747,node_creation,0.3↔1.0,0.828,10.0,предложения,2,научный,279,282399,0.993,908368
2026-04-05T04:01:48.497015,1749,node_creation,0.3↔1.0,0.827,10.0,предложения,3,,280,282399,0.993,908497
2026-04-05T04:01:48.744638,1753,node_creation,0.1↔0.3,0.814,10.0,предложения,1,бытовой,281,282399,0.993,908744
2026-04-05T04:01:48.796097,1754,node_creation,0.3↔1.0,0.811,0.3,буквы/слоги,1,бытовой,282,282399,0.993,908796
2026-04-05T04:01:49.002122,1758,node_creation,0.3↔1.0,0.817,3.0,словосочетания,2,научный,283,282399,0.993,909002
2026-04-05T04:01:49.078099,1759,node_creation,0.1↔0.3,0.827,1.0,слова,2,научный,284,282399,0.993,909078
2026-04-05T04:01:49.212094,1761,node_creation,0.1↔0.3,0.832,0.3,буквы/слоги,3,,285,282399,0.993,909213
2026-04-05T04:01:49.858809,1773,node_creation,0.3↔1.0,0.834,30.0,абзацы,2,научный,286,282399,0.993,909858
2026-04-05T04:01:49.930786,1774,node_creation,0.3↔1.0,0.824,0.3,буквы/слоги,1,бытовой,287,282399,0.993,909931
2026-04-05T04:01:49.987787,1775,node_creation,0.1↔0.3,0.811,3.0,словосочетания,3,,288,282399,0.993,909987
2026-04-05T04:01:50.275809,1780,node_creation,0.1↔0.3,0.825,1.0,слова,2,научный,289,282399,0.993,910275
2026-04-05T04:01:50.446809,1783,node_creation,0.3↔1.0,0.817,1.0,слова,4,метафорический,290,282399,0.993,910446
2026-04-05T04:01:50.911106,1792,node_creation,0.3↔1.0,0.827,0.1,буквы/слоги,2,научный,291,282399,0.993,910911
2026-04-05T04:01:51.553106,1804,node_creation,0.1↔0.3,0.816,0.3,буквы/слоги,4,метафорический,292,282399,0.993,911553
2026-04-05T04:01:51.632085,1805,node_creation,0.3↔1.0,0.826,1.0,слова,3,,293,282399,0.993,911632
2026-04-05T04:01:51.878534,1809,node_creation,0.1↔0.3,0.819,0.1,буквы/слоги,3,,294,282399,0.993,911878
2026-04-05T04:01:52.007507,1811,node_creation,0.1↔0.3,0.833,30.0,абзацы,2,научный,295,282399,0.993,912007
2026-04-05T04:01:52.067504,1812,node_creation,0.1↔0.3,0.810,0.3,буквы/слоги,1,бытовой,296,282399,0.993,912067
2026-04-05T04:01:52.407507,1818,node_creation,0.1↔0.3,0.810,0.3,буквы/слоги,4,метафорический,297,282399,0.993,912407
2026-04-05T04:01:52.462505,1819,node_creation,0.3↔1.0,0.833,0.1,буквы/слоги,3,,298,282399,0.993,912462
2026-04-05T04:01:52.901833,1827,node_creation,0.1↔0.3,0.828,1.0,слова,2,научный,299,282399,0.993,912901
2026-04-05T04:01:53.252809,1833,node_creation,0.3↔1.0,0.825,100.0,целые тексты,1,бытовой,300,282399,0.993,913252
2026-04-05T04:01:53.970568,1847,node_creation,0.1↔0.3,0.809,3.0,словосочетания,4,метафорический,301,282399,0.993,913970
2026-04-05T04:01:54.229569,1851,node_creation,0.1↔0.3,0.823,1.0,слова,4,метафорический,302,282399,0.993,914229
2026-04-05T04:01:54.559569,1857,node_creation,0.1↔0.3,0.811,3.0,словосочетания,1,бытовой,303,282399,0.993,914559
2026-04-05T04:01:54.817893,1861,node_creation,0.1↔0.3,0.830,0.1,буквы/слоги,2,научный,304,282399,0.993,914817
2026-04-05T04:01:54.932863,1863,node_creation,0.3↔1.0,0.830,30.0,абзацы,1,бытовой,305,282399,0.993,914932
2026-04-05T04:01:55.461875,1873,node_creation,0.3↔1.0,0.824,10.0,предложения,3,,306,282399,0.993,915461
2026-04-05T04:01:55.524871,1874,node_creation,0.1↔0.3,0.811,0.1,буквы/слоги,3,,307,282399,0.993,915524
2026-04-05T04:01:55.792567,1878,node_creation,0.1↔0.3,0.828,3.0,словосочетания,2,научный,308,282399,0.993,915792
2026-04-05T04:01:55.959590,1881,node_creation,0.1↔0.3,0.819,0.1,буквы/слоги,1,бытовой,309,282399,0.993,915959
2026-04-05T04:01:56.907886,1899,node_creation,0.3↔1.0,0.825,10.0,предложения,2,научный,310,282399,0.993,916907
2026-04-05T04:01:56.958861,1900,node_creation,0.3↔1.0,0.831,30.0,абзацы,1,бытовой,311,282399,0.993,916958
2026-04-05T04:01:57.115865,1902,node_creation,0.3↔1.0,0.834,0.1,буквы/слоги,4,метафорический,312,282399,0.993,917115
2026-04-05T04:01:57.250862,1904,node_creation,0.1↔0.3,0.826,10.0,предложения,3,,313,282399,0.993,917250
2026-04-05T04:01:57.504863,1908,node_creation,0.1↔0.3,0.823,30.0,абзацы,3,,314,282399,0.993,917504
2026-04-05T04:01:59.243116,1942,node_creation,0.1↔0.3,0.827,0.1,буквы/слоги,4,метафорический,315,282399,0.993,919243
2026-04-05T04:01:59.687739,1949,node_creation,0.1↔0.3,0.808,1.0,слова,3,,316,282399,0.993,919687
2026-04-05T04:02:00.104377,1957,node_creation,0.1↔0.3,0.828,1.0,слова,1,бытовой,317,282399,0.993,920104
2026-04-05T04:02:00.378377,1962,node_creation,0.1↔0.3,0.830,0.3,буквы/слоги,3,,318,282399,0.993,920378
2026-04-05T04:02:00.430354,1963,node_creation,0.1↔0.3,0.834,10.0,предложения,1,бытовой,319,282399,0.993,920430
2026-04-05T04:02:00.545348,1965,node_creation,0.1↔0.3,0.831,30.0,абзацы,2,научный,320,282399,0.993,920545
2026-04-05T04:02:00.936923,1972,node_creation,0.1↔0.3,0.837,10.0,предложения,2,научный,321,282399,0.993,920936
2026-04-05T04:02:01.110923,1975,node_creation,0.3↔1.0,0.811,10.0,предложения,1,бытовой,322,282399,0.993,921110
2026-04-05T04:02:01.161897,1976,node_creation,0.1↔0.3,0.813,3.0,словосочетания,1,бытовой,323,282399,0.993,921161
2026-04-05T04:02:01.489923,1982,node_creation,0.1↔0.3,0.810,1.0,слова,2,научный,324,282399,0.993,921489
2026-04-05T04:02:01.623898,1984,node_creation,0.3↔1.0,0.831,30.0,абзацы,3,,325,282399,0.993,921623
2026-04-05T04:02:01.798662,1987,node_creation,0.3↔1.0,0.819,3.0,словосочетания,1,бытовой,326,282399,0.993,921798
2026-04-05T04:02:02.064662,1992,node_creation,0.1↔0.3,0.832,1.0,слова,4,метафорический,327,282399,0.993,922064
2026-04-05T04:02:02.179634,1994,node_creation,0.3↔1.0,0.820,100.0,целые тексты,2,научный,328,282399,0.993,922179
2026-04-05T04:02:02.246634,1995,node_creation,0.3↔1.0,0.817,0.3,буквы/слоги,1,бытовой,329,282399,0.993,922246
2026-04-05T04:02:02.333636,1996,node_creation,0.1↔0.3,0.809,3.0,словосочетания,3,,330,282399,0.993,922333
2026-04-05T04:02:02.850960,2006,node_creation,0.3↔1.0,0.824,3.0,словосочетания,1,бытовой,331,282399,0.993,922850
2026-04-05T04:02:03.088961,2010,node_creation,0.1↔0.3,0.821,0.1,буквы/слоги,1,бытовой,332,282399,0.993,923088
2026-04-05T04:02:03.610936,2020,node_creation,0.1↔0.3,0.816,100.0,целые тексты,3,,333,282399,0.993,923610
2026-04-05T04:02:03.678327,2021,node_creation,0.3↔1.0,0.815,0.3,буквы/слоги,2,научный,334,282399,0.993,923678
2026-04-05T04:02:03.850086,2024,node_creation,0.3↔1.0,0.836,0.1,буквы/слоги,2,научный,335,282399,0.993,923850
2026-04-05T04:02:04.623061,2039,node_creation,0.3↔1.0,0.821,3.0,словосочетания,1,бытовой,336,282399,0.993,924623
2026-04-05T04:02:04.863531,2043,node_creation,0.3↔1.0,0.813,3.0,словосочетания,1,бытовой,337,282399,0.993,924863
2026-04-05T04:02:04.928506,2044,node_creation,0.1↔0.3,0.833,30.0,абзацы,3,,338,282399,0.993,924928
2026-04-05T04:02:04.997502,2045,node_creation,0.3↔1.0,0.824,3.0,словосочетания,3,,339,282399,0.993,924997
2026-04-05T04:02:05.115502,2047,node_creation,0.3↔1.0,0.830,100.0,целые тексты,1,бытовой,340,282399,0.993,925160
2026-04-05T04:02:05.469531,2050,node_creation,0.3↔1.0,0.822,0.3,буквы/слоги,1,бытовой,341,282399,0.993,925469
2026-04-05T04:02:05.581502,2052,node_creation,0.3↔1.0,0.816,3.0,словосочетания,3,,342,282399,0.993,925581
2026-04-05T04:02:05.707636,2054,node_creation,0.3↔1.0,0.831,0.3,буквы/слоги,2,научный,343,282399,0.993,925707
2026-04-05T04:02:06.000856,2059,node_creation,0.3↔1.0,0.810,3.0,словосочетания,1,бытовой,344,282399,0.993,926000
2026-04-05T04:02:06.051828,2060,node_creation,0.1↔0.3,0.835,100.0,целые тексты,2,научный,345,282399,0.993,926051
2026-04-05T04:02:06.105827,2061,node_creation,0.1↔0.3,0.816,100.0,целые тексты,3,,346,282399,0.993,926105
2026-04-05T04:02:06.247827,2063,node_creation,0.1↔0.3,0.827,30.0,абзацы,1,бытовой,347,282399,0.993,926247
2026-04-05T04:02:07.063169,2078,node_creation,0.3↔1.0,0.816,0.1,буквы/слоги,3,,348,282399,0.993,927063
2026-04-05T04:02:07.172145,2079,node_creation,0.1↔0.3,0.830,0.3,буквы/слоги,1,бытовой,349,282399,0.993,927172
2026-04-05T04:02:07.358169,2082,node_creation,0.3↔1.0,0.811,1.0,слова,3,,350,282399,0.993,927358
2026-04-05T04:02:07.725853,2089,node_creation,0.1↔0.3,0.836,30.0,абзацы,3,,351,282399,0.993,927725
2026-04-05T04:02:07.818828,2090,node_creation,0.3↔1.0,0.830,30.0,абзацы,1,бытовой,352,282399,0.993,927818
2026-04-05T04:02:08.372516,2100,node_creation,0.1↔0.3,0.830,3.0,словосочетания,3,,353,282399,0.993,928372
2026-04-05T04:02:08.460491,2101,node_creation,0.1↔0.3,0.826,10.0,предложения,1,бытовой,354,282399,0.993,928460
2026-04-05T04:02:09.370806,2118,node_creation,0.1↔0.3,0.809,0.1,буквы/слоги,3,,355,282399,0.993,929370
2026-04-05T04:02:10.373569,2137,node_creation,0.1↔0.3,0.836,100.0,целые тексты,1,бытовой,356,282399,0.993,930373
2026-04-05T04:02:10.437546,2138,node_creation,0.1↔0.3,0.837,10.0,предложения,3,,357,282399,0.993,930437
2026-04-05T04:02:11.197791,2152,node_creation,0.1↔0.3,0.813,30.0,абзацы,2,научный,358,282399,0.993,931197
2026-04-05T04:02:11.520816,2158,node_creation,0.3↔1.0,0.830,0.1,буквы/слоги,2,научный,359,282399,0.993,931520
2026-04-05T04:02:11.908556,2164,node_creation,0.1↔0.3,0.816,0.3,буквы/слоги,3,,360,282399,0.993,931908
2026-04-05T04:02:12.247556,2170,node_creation,0.3↔1.0,0.820,0.1,буквы/слоги,3,,361,282399,0.993,932247
2026-04-05T04:02:12.392528,2172,node_creation,0.1↔0.3,0.817,3.0,словосочетания,3,,362,282399,0.993,932393
2026-04-05T04:02:12.667760,2177,node_creation,0.1↔0.3,0.830,0.1,буквы/слоги,2,научный,363,282399,0.993,932667
2026-04-05T04:02:12.986842,2183,node_creation,0.3↔1.0,0.835,10.0,предложения,3,,364,282399,0.993,932986
2026-04-05T04:02:13.090841,2185,node_creation,0.1↔0.3,0.811,30.0,абзацы,1,бытовой,365,282399,0.993,933090
2026-04-05T04:02:13.366865,2190,node_creation,0.1↔0.3,0.811,100.0,целые тексты,3,,366,282399,0.993,933366
2026-04-05T04:02:13.686495,2196,node_creation,0.1↔0.3,0.837,1.0,слова,3,,367,282399,0.993,933686
2026-04-05T04:02:13.943356,2201,node_creation,0.3↔1.0,0.830,30.0,абзацы,3,,368,282399,0.993,933943
2026-04-05T04:02:13.995358,2202,node_creation,0.1↔0.3,0.813,100.0,целые тексты,1,бытовой,369,282399,0.993,933995
2026-04-05T04:02:14.476375,2211,node_creation,0.1↔0.3,0.816,30.0,абзацы,1,бытовой,370,282399,0.993,934476
2026-04-05T04:02:14.527346,2212,node_creation,0.1↔0.3,0.812,0.1,буквы/слоги,2,научный,371,282399,0.993,934527
2026-04-05T04:02:15.508644,2231,node_creation,0.1↔0.3,0.809,30.0,абзацы,3,,372,282399,0.993,935508
2026-04-05T04:02:15.667644,2234,node_creation,0.1↔0.3,0.821,0.3,буквы/слоги,2,научный,373,282399,0.993,935667
2026-04-05T04:02:16.197948,2244,node_creation,0.1↔0.3,0.815,0.3,буквы/слоги,1,бытовой,374,282399,0.993,936197
2026-04-05T04:02:16.351950,2247,node_creation,0.1↔0.3,0.821,0.1,буквы/слоги,2,научный,375,282399,0.993,936351
2026-04-05T04:02:16.816653,2256,node_creation,0.1↔0.3,0.816,0.3,буквы/слоги,1,бытовой,376,282399,0.993,936816
2026-04-05T04:02:17.073654,2261,node_creation,0.3↔1.0,0.812,1.0,слова,3,,377,282399,0.993,937073
2026-04-05T04:02:17.304653,2265,node_creation,0.1↔0.3,0.827,3.0,словосочетания,2,научный,378,282399,0.993,937304
2026-04-05T04:02:17.519653,2269,node_creation,0.3↔1.0,0.811,1.0,слова,3,,379,282399,0.993,937519
