timestamp,cycle,scale,scale_name,complexity,complexity_name,resonance_value,verified,verification_reason
2026-04-06T03:08:23.361386,3,1.0,слова,4,метафорический,0.817,False,масштаб 1.0 frozen (нельзя создавать новые узлы)
2026-04-06T03:08:23.596385,7,1.0,слова,2,научный,0.835,False,масштаб 1.0 frozen (нельзя создавать новые узлы)
2026-04-06T03:08:24.125381,12,1.0,слова,1,бытовой,0.827,False,масштаб 1.0 frozen (нельзя создавать новые узлы)
2026-04-06T03:08:24.454388,16,1.0,слова,2,научный,0.811,False,масштаб 1.0 frozen (нельзя создавать новые узлы)
2026-04-06T03:08:24.662385,19,1.0,слова,3,ВММП,0.812,False,масштаб 1.0 frozen (нельзя создавать новые узлы)
2026-04-06T03:08:24.751386,20,1.0,слова,3,ВММП,0.823,False,масштаб 1.0 frozen (нельзя создавать новые узлы)
2026-04-06T03:08:24.940387,23,1.0,слова,2,научный,0.815,False,масштаб 1.0 frozen (нельзя создавать новые узлы)
2026-04-06T03:08:25.550387,32,1.0,слова,4,метафорический,0.809,False,масштаб 1.0 frozen (нельзя создавать новые узлы)
2026-04-06T03:08:26.307384,43,1.0,слова,3,ВММП,0.816,False,масштаб 1.0 frozen (нельзя создавать новые узлы)
2026-04-06T03:08:26.509384,46,1.0,слова,2,научный,0.835,False,масштаб 1.0 frozen (нельзя создавать новые узлы)
2026-04-06T03:08:27.378387,59,1.0,слова,2,научный,0.837,False,масштаб 1.0 frozen (нельзя создавать новые узлы)
2026-04-06T03:08:27.649381,63,1.0,слова,2,научный,0.834,False,масштаб 1.0 frozen (нельзя создавать новые узлы)
2026-04-06T03:08:27.720386,64,1.0,слова,4,метафорический,0.825,False,масштаб 1.0 frozen (нельзя создавать новые узлы)
2026-04-06T03:08:28.682387,78,1.0,слова,2,научный,0.836,False,масштаб 1.0 frozen (нельзя создавать новые узлы)
2026-04-06T03:08:28.752386,79,1.0,слова,4,метафорический,0.809,False,масштаб 1.0 frozen (нельзя создавать новые узлы)
2026-04-06T03:08:28.813386,80,1.0,слова,2,научный,0.815,False,масштаб 1.0 frozen (нельзя создавать новые узлы)
2026-04-06T03:08:29.028384,83,1.0,слова,4,метафорический,0.833,False,масштаб 1.0 frozen (нельзя создавать новые узлы)
2026-04-06T03:08:29.097381,84,1.0,слова,2,научный,0.834,False,масштаб 1.0 frozen (нельзя создавать новые узлы)
2026-04-06T03:08:29.650382,92,1.0,слова,3,ВММП,0.830,False,масштаб 1.0 frozen (нельзя создавать новые узлы)
2026-04-06T03:08:29.920387,96,1.0,слова,2,научный,0.830,False,масштаб 1.0 frozen (нельзя создавать новые узлы)
2026-04-06T03:08:31.291383,116,1.0,слова,3,ВММП,0.810,False,масштаб 1.0 frozen (нельзя создавать новые узлы)
2026-04-06T03:08:31.492381,119,1.0,слова,2,научный,0.811,False,масштаб 1.0 frozen (нельзя создавать новые узлы)
2026-04-06T03:08:32.996387,142,1.0,слова,3,ВММП,0.833,False,масштаб 1.0 frozen (нельзя создавать новые узлы)
2026-04-06T03:08:34.730381,169,1.0,слова,3,ВММП,0.824,False,масштаб 1.0 frozen (нельзя создавать новые узлы)
2026-04-06T03:08:34.797384,170,1.0,слова,2,научный,0.835,False,масштаб 1.0 frozen (нельзя создавать новые узлы)
2026-04-06T03:08:34.938382,172,1.0,слова,2,научный,0.830,False,масштаб 1.0 frozen (нельзя создавать новые узлы)
2026-04-06T03:08:35.010381,173,1.0,слова,3,ВММП,0.816,False,масштаб 1.0 frozen (нельзя создавать новые узлы)
2026-04-06T03:08:35.546384,181,1.0,слова,3,ВММП,0.818,False,масштаб 1.0 frozen (нельзя создавать новые узлы)
2026-04-06T03:08:35.610388,182,1.0,слова,4,метафорический,0.813,False,масштаб 1.0 frozen (нельзя создавать новые узлы)
2026-04-06T03:08:36.052381,189,1.0,слова,3,ВММП,0.815,False,масштаб 1.0 frozen (нельзя создавать новые узлы)
2026-04-06T03:08:36.117388,190,1.0,слова,2,научный,0.821,False,масштаб 1.0 frozen (нельзя создавать новые узлы)
2026-04-06T03:08:36.733382,200,1.0,слова,4,метафорический,0.825,False,масштаб 1.0 frozen (нельзя создавать новые узлы)
2026-04-06T03:08:36.865380,202,1.0,слова,3,ВММП,0.821,False,масштаб 1.0 frozen (нельзя создавать новые узлы)
2026-04-06T03:08:37.350384,209,1.0,слова,4,метафорический,0.837,False,масштаб 1.0 frozen (нельзя создавать новые узлы)
2026-04-06T03:08:38.144386,221,1.0,слова,2,научный,0.813,False,масштаб 1.0 frozen (нельзя создавать новые узлы)
2026-04-06T03:08:39.016383,234,1.0,слова,1,бытовой,0.816,False,масштаб 1.0 frozen (нельзя создавать новые узлы)
2026-04-06T03:08:39.151381,236,1.0,слова,2,научный,0.812,False,масштаб 1.0 frozen (нельзя создавать новые узлы)
2026-04-06T03:08:39.555388,242,1.0,слова,2,научный,0.813,False,масштаб 1.0 frozen (нельзя создавать новые узлы)
2026-04-06T03:08:41.031385,263,1.0,слова,3,ВММП,0.830,False,масштаб 1.0 frozen (нельзя создавать новые узлы)
2026-04-06T03:08:41.101384,264,1.0,слова,4,метафорический,0.833,False,масштаб 1.0 frozen (нельзя создавать новые узлы)
2026-04-06T03:08:42.778388,289,1.0,слова,1,бытовой,0.829,False,масштаб 1.0 frozen (нельзя создавать новые узлы)
2026-04-06T03:08:44.116381,309,1.0,слова,2,научный,0.832,False,масштаб 1.0 frozen (нельзя создавать новые узлы)
2026-04-06T03:08:44.637385,317,1.0,слова,1,бытовой,0.832,False,масштаб 1.0 frozen (нельзя создавать новые узлы)
2026-04-06T03:08:44.703385,318,1.0,слова,2,научный,0.831,False,масштаб 1.0 frozen (нельзя создавать новые узлы)
2026-04-06T03:08:45.096384,324,1.0,слова,2,научный,0.821,False,масштаб 1.0 frozen (нельзя создавать новые узлы)
2026-04-06T03:08:46.329381,343,1.0,слова,1,бытовой,0.824,False,масштаб 1.0 frozen (нельзя создавать новые узлы)
2026-04-06T03:08:46.394381,344,1.0,слова,3,ВММП,0.835,False,масштаб 1.0 frozen (нельзя создавать новые узлы)
2026-04-06T03:08:46.666388,348,1.0,слова,2,научный,0.835,False,масштаб 1.0 frozen (нельзя создавать новые узлы)
2026-04-06T03:08:47.692388,363,1.0,слова,4,метафорический,0.827,False,масштаб 1.0 frozen (нельзя создавать новые узлы)
2026-04-06T03:08:48.649381,377,1.0,слова,2,научный,0.814,False,масштаб 1.0 frozen (нельзя создавать новые узлы)
2026-04-06T03:08:48.852387,380,1.0,слова,2,научный,0.825,False,масштаб 1.0 frozen (нельзя создавать новые узлы)
2026-04-06T03:08:49.488382,390,1.0,слова,1,бытовой,0.831,False,масштаб 1.0 frozen (нельзя создавать новые узлы)
2026-04-06T03:08:49.553386,391,1.0,слова,3,ВММП,0.819,False,масштаб 1.0 frozen (нельзя создавать новые узлы)
2026-04-06T03:08:49.827387,395,1.0,слова,3,ВММП,0.825,False,масштаб 1.0 frozen (нельзя создавать новые узлы)
2026-04-06T03:08:49.953387,397,1.0,слова,4,метафорический,0.827,False,масштаб 1.0 frozen (нельзя создавать новые узлы)
2026-04-06T03:08:50.920387,411,1.0,слова,3,ВММП,0.833,False,масштаб 1.0 frozen (нельзя создавать новые узлы)
2026-04-06T03:08:51.880383,428,1.0,слова,4,метафорический,0.819,False,масштаб 1.0 frozen (нельзя создавать новые узлы)
2026-04-06T03:08:52.167393,433,1.0,слова,2,научный,0.823,False,масштаб 1.0 frozen (нельзя создавать новые узлы)
2026-04-06T03:08:52.373384,437,1.0,слова,2,научный,0.833,False,масштаб 1.0 frozen (нельзя создавать новые узлы)
2026-04-06T03:08:53.206384,453,1.0,слова,4,метафорический,0.810,False,масштаб 1.0 frozen (нельзя создавать новые узлы)
2026-04-06T03:08:53.360385,456,1.0,слова,3,ВММП,0.817,False,масштаб 1.0 frozen (нельзя создавать новые узлы)
2026-04-06T03:08:53.595385,460,1.0,слова,2,научный,0.822,False,масштаб 1.0 frozen (нельзя создавать новые узлы)
2026-04-06T03:08:54.804383,478,1.0,слова,1,бытовой,0.824,False,масштаб 1.0 frozen (нельзя создавать новые узлы)
2026-04-06T03:08:55.007388,481,1.0,слова,3,ВММП,0.821,False,масштаб 1.0 frozen (нельзя создавать новые узлы)
2026-04-06T03:08:55.074386,482,1.0,слова,4,метафорический,0.811,False,масштаб 1.0 frozen (нельзя создавать новые узлы)
2026-04-06T03:08:55.478382,488,1.0,слова,3,ВММП,0.818,False,масштаб 1.0 frozen (нельзя создавать новые узлы)
2026-04-06T03:08:56.020385,496,1.0,слова,3,ВММП,0.834,False,масштаб 1.0 frozen (нельзя создавать новые узлы)
2026-04-06T03:08:57.144382,513,1.0,слова,1,бытовой,0.828,False,масштаб 1.0 frozen (нельзя создавать новые узлы)
2026-04-06T03:08:57.210386,514,1.0,слова,4,метафорический,0.810,False,масштаб 1.0 frozen (нельзя создавать новые узлы)
2026-04-06T03:08:57.485386,518,1.0,слова,1,бытовой,0.837,False,масштаб 1.0 frozen (нельзя создавать новые узлы)
2026-04-06T03:08:57.554387,519,1.0,слова,3,ВММП,0.835,False,масштаб 1.0 frozen (нельзя создавать новые узлы)
2026-04-06T03:08:58.424387,532,1.0,слова,3,ВММП,0.825,False,масштаб 1.0 frozen (нельзя создавать новые узлы)
2026-04-06T03:08:58.733382,536,1.0,слова,3,ВММП,0.828,False,масштаб 1.0 frozen (нельзя создавать новые узлы)
2026-04-06T03:09:00.950390,562,1.0,слова,2,научный,0.820,False,масштаб 1.0 frozen (нельзя создавать новые узлы)
2026-04-06T03:09:01.505384,569,1.0,слова,1,бытовой,0.828,False,масштаб 1.0 frozen (нельзя создавать новые узлы)
2026-04-06T03:09:02.600388,583,1.0,слова,3,ВММП,0.825,False,масштаб 1.0 frozen (нельзя создавать новые узлы)
2026-04-06T03:09:02.679385,584,1.0,слова,2,научный,0.824,False,масштаб 1.0 frozen (нельзя создавать новые узлы)
2026-04-06T03:09:03.254387,591,1.0,слова,3,ВММП,0.812,False,масштаб 1.0 frozen (нельзя создавать новые узлы)
2026-04-06T03:09:04.722388,607,1.0,слова,4,метафорический,0.838,False,масштаб 1.0 frozen (нельзя создавать новые узлы)
2026-04-06T03:09:05.942385,620,1.0,слова,2,научный,0.823,False,масштаб 1.0 frozen (нельзя создавать новые узлы)
2026-04-06T03:09:06.995387,632,1.0,слова,4,метафорический,0.816,False,масштаб 1.0 frozen (нельзя создавать новые узлы)
2026-04-06T03:09:07.078385,633,1.0,слова,2,научный,0.837,False,масштаб 1.0 frozen (нельзя создавать новые узлы)
2026-04-06T03:09:08.279388,647,1.0,слова,3,ВММП,0.828,False,масштаб 1.0 frozen (нельзя создавать новые узлы)
2026-04-06T03:09:08.365388,648,1.0,слова,3,ВММП,0.838,False,масштаб 1.0 frozen (нельзя создавать новые узлы)
2026-04-06T03:09:08.716387,652,1.0,слова,3,ВММП,0.821,False,масштаб 1.0 frozen (нельзя создавать новые узлы)
2026-04-06T03:09:10.312387,670,1.0,слова,2,научный,0.832,False,масштаб 1.0 frozen (нельзя создавать новые узлы)
2026-04-06T03:09:10.725387,675,1.0,слова,2,научный,0.811,False,масштаб 1.0 frozen (нельзя создавать новые узлы)
2026-04-06T03:09:10.991386,678,1.0,слова,3,ВММП,0.818,False,масштаб 1.0 frozen (нельзя создавать новые узлы)
2026-04-06T03:09:12.694388,698,1.0,слова,4,метафорический,0.830,False,масштаб 1.0 frozen (нельзя создавать новые узлы)
2026-04-06T03:09:12.859388,700,1.0,слова,4,метафорический,0.813,False,масштаб 1.0 frozen (нельзя создавать новые узлы)
2026-04-06T03:09:13.029384,702,1.0,слова,2,научный,0.830,False,масштаб 1.0 frozen (нельзя создавать новые узлы)
2026-04-06T03:09:13.696386,710,1.0,слова,2,научный,0.818,False,масштаб 1.0 frozen (нельзя создавать новые узлы)
2026-04-06T03:09:13.782388,711,1.0,слова,2,научный,0.811,False,масштаб 1.0 frozen (нельзя создавать новые узлы)
2026-04-06T03:09:14.542386,720,1.0,слова,2,научный,0.821,False,масштаб 1.0 frozen (нельзя создавать новые узлы)
2026-04-06T03:09:16.129388,739,1.0,слова,1,бытовой,0.829,False,масштаб 1.0 frozen (нельзя создавать новые узлы)
2026-04-06T03:09:16.294389,741,1.0,слова,4,метафорический,0.834,False,масштаб 1.0 frozen (нельзя создавать новые узлы)
2026-04-06T03:09:16.622386,745,1.0,слова,3,ВММП,0.838,False,масштаб 1.0 frozen (нельзя создавать новые узлы)
2026-04-06T03:09:16.702388,746,1.0,слова,2,научный,0.820,False,масштаб 1.0 frozen (нельзя создавать новые узлы)
2026-04-06T03:09:16.782386,747,1.0,слова,3,ВММП,0.831,False,масштаб 1.0 frozen (нельзя создавать новые узлы)
2026-04-06T03:09:17.359388,754,1.0,слова,2,научный,0.814,False,масштаб 1.0 frozen (нельзя создавать новые узлы)
2026-04-06T03:09:18.547382,769,1.0,слова,2,научный,0.828,False,масштаб 1.0 frozen (нельзя создавать новые узлы)
2026-04-06T03:09:19.510383,781,1.0,слова,2,научный,0.825,False,масштаб 1.0 frozen (нельзя создавать новые узлы)
2026-04-06T03:09:21.564386,805,1.0,слова,2,научный,0.818,False,масштаб 1.0 frozen (нельзя создавать новые узлы)
2026-04-06T03:09:21.731384,807,1.0,слова,2,научный,0.835,False,масштаб 1.0 frozen (нельзя создавать новые узлы)
2026-04-06T03:09:22.215387,813,1.0,слова,1,бытовой,0.827,False,масштаб 1.0 frozen (нельзя создавать новые узлы)
2026-04-06T03:09:22.371387,815,1.0,слова,2,научный,0.821,False,масштаб 1.0 frozen (нельзя создавать новые узлы)
2026-04-06T03:09:22.455387,816,1.0,слова,2,научный,0.819,False,масштаб 1.0 frozen (нельзя создавать новые узлы)
2026-04-06T03:09:22.865384,821,1.0,слова,1,бытовой,0.826,False,масштаб 1.0 frozen (нельзя создавать новые узлы)
2026-04-06T03:09:24.859389,844,1.0,слова,3,ВММП,0.834,False,масштаб 1.0 frozen (нельзя создавать новые узлы)
2026-04-06T03:09:26.159383,860,1.0,слова,2,научный,0.832,False,масштаб 1.0 frozen (нельзя создавать новые узлы)
2026-04-06T03:09:26.996387,870,1.0,слова,2,научный,0.809,False,масштаб 1.0 frozen (нельзя создавать новые узлы)
2026-04-06T03:09:28.248384,885,1.0,слова,4,метафорический,0.809,False,масштаб 1.0 frozen (нельзя создавать новые узлы)
2026-04-06T03:09:29.087385,895,1.0,слова,3,ВММП,0.820,False,масштаб 1.0 frozen (нельзя создавать новые узлы)
2026-04-06T03:09:32.431386,932,1.0,слова,4,метафорический,0.830,False,масштаб 1.0 frozen (нельзя создавать новые узлы)
2026-04-06T03:09:32.515385,933,1.0,слова,1,бытовой,0.817,False,масштаб 1.0 frozen (нельзя создавать новые узлы)
2026-04-06T03:09:33.433385,943,1.0,слова,3,ВММП,0.815,False,масштаб 1.0 frozen (нельзя создавать новые узлы)
2026-04-06T03:09:33.943387,949,1.0,слова,1,бытовой,0.812,False,масштаб 1.0 frozen (нельзя создавать новые узлы)
2026-04-06T03:09:34.124386,951,1.0,слова,1,бытовой,0.824,False,масштаб 1.0 frozen (нельзя создавать новые узлы)
2026-04-06T03:09:34.543386,956,1.0,слова,3,ВММП,0.809,False,масштаб 1.0 frozen (нельзя создавать новые узлы)
2026-04-06T03:09:36.116386,975,1.0,слова,1,бытовой,0.817,False,масштаб 1.0 frozen (нельзя создавать новые узлы)
2026-04-06T03:09:37.517387,992,1.0,слова,3,ВММП,0.834,False,масштаб 1.0 frozen (нельзя создавать новые узлы)
2026-04-06T03:09:37.599388,993,1.0,слова,4,метафорический,0.827,False,масштаб 1.0 frozen (нельзя создавать новые узлы)
2026-04-06T03:09:39.500386,1014,1.0,слова,1,бытовой,0.835,False,масштаб 1.0 frozen (нельзя создавать новые узлы)
2026-04-06T03:09:39.853388,1018,1.0,слова,3,ВММП,0.823,False,масштаб 1.0 frozen (нельзя создавать новые узлы)
2026-04-06T03:09:40.535387,1026,1.0,слова,2,научный,0.825,False,масштаб 1.0 frozen (нельзя создавать новые узлы)
2026-04-06T03:09:41.424382,1036,1.0,слова,4,метафорический,0.838,False,масштаб 1.0 frozen (нельзя создавать новые узлы)
2026-04-06T03:09:41.964385,1041,1.0,слова,4,метафорический,0.831,False,масштаб 1.0 frozen (нельзя создавать новые узлы)
2026-04-06T03:09:43.843388,1063,1.0,слова,3,ВММП,0.824,False,масштаб 1.0 frozen (нельзя создавать новые узлы)
2026-04-06T03:09:44.726382,1074,1.0,слова,4,метафорический,0.821,False,масштаб 1.0 frozen (нельзя создавать новые узлы)
2026-04-06T03:09:45.778386,1087,1.0,слова,2,научный,0.811,False,масштаб 1.0 frozen (нельзя создавать новые узлы)
2026-04-06T03:09:45.944386,1089,1.0,слова,2,научный,0.825,False,масштаб 1.0 frozen (нельзя создавать новые узлы)
2026-04-06T03:09:47.648387,1110,1.0,слова,2,научный,0.813,False,масштаб 1.0 frozen (нельзя создавать новые узлы)
2026-04-06T03:09:47.959386,1114,1.0,слова,3,ВММП,0.822,False,масштаб 1.0 frozen (нельзя создавать новые узлы)
2026-04-06T03:09:48.197388,1117,1.0,слова,2,научный,0.817,False,масштаб 1.0 frozen (нельзя создавать новые узлы)
2026-04-06T03:09:48.273388,1118,1.0,слова,4,метафорический,0.816,False,масштаб 1.0 frozen (нельзя создавать новые узлы)
2026-04-06T03:09:48.596387,1122,1.0,слова,2,научный,0.811,False,масштаб 1.0 frozen (нельзя создавать новые узлы)
2026-04-06T03:09:50.233386,1142,1.0,слова,3,ВММП,0.824,False,масштаб 1.0 frozen (нельзя создавать новые узлы)
2026-04-06T03:09:50.666387,1146,1.0,слова,4,метафорический,0.827,False,масштаб 1.0 frozen (нельзя создавать новые узлы)
2026-04-06T03:09:51.070386,1151,1.0,слова,3,ВММП,0.837,False,масштаб 1.0 frozen (нельзя создавать новые узлы)
2026-04-06T03:09:51.149381,1152,1.0,слова,3,ВММП,0.828,False,масштаб 1.0 frozen (нельзя создавать новые узлы)
2026-04-06T03:09:51.389387,1155,1.0,слова,3,ВММП,0.837,False,масштаб 1.0 frozen (нельзя создавать новые узлы)
2026-04-06T03:09:51.548387,1157,1.0,слова,2,научный,0.824,False,масштаб 1.0 frozen (нельзя создавать новые узлы)
2026-04-06T03:09:51.791387,1160,1.0,слова,2,научный,0.828,False,масштаб 1.0 frozen (нельзя создавать новые узлы)
2026-04-06T03:09:52.350386,1167,1.0,слова,3,ВММП,0.820,False,масштаб 1.0 frozen (нельзя создавать новые узлы)
2026-04-06T03:09:52.596382,1170,1.0,слова,2,научный,0.814,False,масштаб 1.0 frozen (нельзя создавать новые узлы)
2026-04-06T03:09:53.624385,1183,1.0,слова,3,ВММП,0.815,False,масштаб 1.0 frozen (нельзя создавать новые узлы)
2026-04-06T03:09:53.784381,1185,1.0,слова,3,ВММП,0.814,False,масштаб 1.0 frozen (нельзя создавать новые узлы)
2026-04-06T03:09:54.108388,1189,1.0,слова,2,научный,0.833,False,масштаб 1.0 frozen (нельзя создавать новые узлы)
2026-04-06T03:09:54.970389,1199,1.0,слова,1,бытовой,0.825,False,масштаб 1.0 frozen (нельзя создавать новые узлы)
2026-04-06T03:09:56.864388,1223,1.0,слова,3,ВММП,0.809,False,масштаб 1.0 frozen (нельзя создавать новые узлы)
2026-04-06T03:09:57.177381,1227,1.0,слова,3,ВММП,0.813,False,масштаб 1.0 frozen (нельзя создавать новые узлы)
2026-04-06T03:09:59.117388,1251,1.0,слова,4,метафорический,0.814,False,масштаб 1.0 frozen (нельзя создавать новые узлы)
2026-04-06T03:10:00.157381,1264,1.0,слова,2,научный,0.814,False,масштаб 1.0 frozen (нельзя создавать новые узлы)
2026-04-06T03:10:00.403388,1267,1.0,слова,2,научный,0.825,False,масштаб 1.0 frozen (нельзя создавать новые узлы)
2026-04-06T03:10:00.877383,1273,1.0,слова,2,научный,0.832,False,масштаб 1.0 frozen (нельзя создавать новые узлы)
2026-04-06T03:10:01.352382,1279,1.0,слова,3,ВММП,0.835,False,масштаб 1.0 frozen (нельзя создавать новые узлы)
2026-04-06T03:10:02.148384,1289,1.0,слова,1,бытовой,0.832,False,масштаб 1.0 frozen (нельзя создавать новые узлы)
2026-04-06T03:10:02.940385,1298,1.0,слова,4,метафорический,0.835,False,масштаб 1.0 frozen (нельзя создавать новые узлы)
2026-04-06T03:10:03.272386,1302,1.0,слова,2,научный,0.808,False,масштаб 1.0 frozen (нельзя создавать новые узлы)
2026-04-06T03:10:04.057387,1312,1.0,слова,3,ВММП,0.831,False,масштаб 1.0 frozen (нельзя создавать новые узлы)
2026-04-06T03:10:04.288387,1315,1.0,слова,2,научный,0.837,False,масштаб 1.0 frozen (нельзя создавать новые узлы)
2026-04-06T03:10:04.605385,1319,1.0,слова,2,научный,0.835,False,масштаб 1.0 frozen (нельзя создавать новые узлы)
2026-04-06T03:10:05.460387,1330,1.0,слова,2,научный,0.811,False,масштаб 1.0 frozen (нельзя создавать новые узлы)
2026-04-06T03:10:06.347382,1341,1.0,слова,3,ВММП,0.814,False,масштаб 1.0 frozen (нельзя создавать новые узлы)
2026-04-06T03:10:06.430387,1342,1.0,слова,3,ВММП,0.834,False,масштаб 1.0 frozen (нельзя создавать новые узлы)
2026-04-06T03:10:07.546381,1356,1.0,слова,4,метафорический,0.818,False,масштаб 1.0 frozen (нельзя создавать новые узлы)
2026-04-06T03:10:10.298384,1389,1.0,слова,2,научный,0.808,False,масштаб 1.0 frozen (нельзя создавать новые узлы)
2026-04-06T03:10:10.536390,1392,1.0,слова,3,ВММП,0.822,False,масштаб 1.0 frozen (нельзя создавать новые узлы)
2026-04-06T03:10:12.146387,1412,1.0,слова,4,метафорический,0.810,False,масштаб 1.0 frozen (нельзя создавать новые узлы)
2026-04-06T03:10:12.470387,1416,1.0,слова,2,научный,0.820,False,масштаб 1.0 frozen (нельзя создавать новые узлы)
2026-04-06T03:10:12.634388,1418,1.0,слова,2,научный,0.821,False,масштаб 1.0 frozen (нельзя создавать новые узлы)
2026-04-06T03:10:12.952386,1422,1.0,слова,4,метафорический,0.809,False,масштаб 1.0 frozen (нельзя создавать новые узлы)
2026-04-06T03:10:13.195386,1425,1.0,слова,4,метафорический,0.809,False,масштаб 1.0 frozen (нельзя создавать новые узлы)
2026-04-06T03:10:13.758387,1432,1.0,слова,3,ВММП,0.834,False,масштаб 1.0 frozen (нельзя создавать новые узлы)
2026-04-06T03:10:14.388388,1439,1.0,слова,3,ВММП,0.812,False,масштаб 1.0 frozen (нельзя создавать новые узлы)
2026-04-06T03:10:15.037388,1446,1.0,слова,3,ВММП,0.818,False,масштаб 1.0 frozen (нельзя создавать новые узлы)
2026-04-06T03:10:15.130385,1447,1.0,слова,3,ВММП,0.825,False,масштаб 1.0 frozen (нельзя создавать новые узлы)
2026-04-06T03:10:17.242386,1470,1.0,слова,3,ВММП,0.831,False,масштаб 1.0 frozen (нельзя создавать новые узлы)
2026-04-06T03:10:17.734382,1476,1.0,слова,4,метафорический,0.838,False,масштаб 1.0 frozen (нельзя создавать новые узлы)
2026-04-06T03:10:18.138385,1481,1.0,слова,3,ВММП,0.837,False,масштаб 1.0 frozen (нельзя создавать новые узлы)
2026-04-06T03:10:18.306385,1483,1.0,слова,2,научный,0.832,False,масштаб 1.0 frozen (нельзя создавать новые узлы)
2026-04-06T03:10:18.565385,1486,1.0,слова,3,ВММП,0.836,False,масштаб 1.0 frozen (нельзя создавать новые узлы)
2026-04-06T03:10:19.063387,1492,1.0,слова,2,научный,0.821,False,масштаб 1.0 frozen (нельзя создавать новые узлы)
2026-04-06T03:10:19.893384,1502,1.0,слова,2,научный,0.811,False,масштаб 1.0 frozen (нельзя создавать новые узлы)
2026-04-06T03:10:20.316386,1507,1.0,слова,3,ВММП,0.810,False,масштаб 1.0 frozen (нельзя создавать новые узлы)
2026-04-06T03:10:21.438385,1521,1.0,слова,2,научный,0.816,False,масштаб 1.0 frozen (нельзя создавать новые узлы)
2026-04-06T03:10:21.678385,1524,1.0,слова,4,метафорический,0.809,False,масштаб 1.0 frozen (нельзя создавать новые узлы)
2026-04-06T03:10:23.343386,1545,1.0,слова,3,ВММП,0.817,False,масштаб 1.0 frozen (нельзя создавать новые узлы)
2026-04-06T03:10:24.567386,1560,1.0,слова,3,ВММП,0.831,False,масштаб 1.0 frozen (нельзя создавать новые узлы)
2026-04-06T03:10:24.898387,1564,1.0,слова,2,научный,0.823,False,масштаб 1.0 frozen (нельзя создавать новые узлы)
2026-04-06T03:10:25.558385,1572,1.0,слова,2,научный,0.810,False,масштаб 1.0 frozen (нельзя создавать новые узлы)
2026-04-06T03:10:25.641389,1573,1.0,слова,4,метафорический,0.813,False,масштаб 1.0 frozen (нельзя создавать новые узлы)
2026-04-06T03:10:26.739387,1587,1.0,слова,3,ВММП,0.827,False,масштаб 1.0 frozen (нельзя создавать новые узлы)
2026-04-06T03:10:26.895388,1589,1.0,слова,2,научный,0.812,False,масштаб 1.0 frozen (нельзя создавать новые узлы)
2026-04-06T03:10:27.531386,1597,1.0,слова,4,метафорический,0.815,False,масштаб 1.0 frozen (нельзя создавать новые узлы)
2026-04-06T03:10:28.525388,1608,1.0,слова,1,бытовой,0.815,False,масштаб 1.0 frozen (нельзя создавать новые узлы)
2026-04-06T03:10:29.147387,1616,1.0,слова,3,ВММП,0.828,False,масштаб 1.0 frozen (нельзя создавать новые узлы)
2026-04-06T03:10:29.384389,1619,1.0,слова,3,ВММП,0.826,False,масштаб 1.0 frozen (нельзя создавать новые узлы)
2026-04-06T03:10:29.878388,1625,1.0,слова,1,бытовой,0.824,False,масштаб 1.0 frozen (нельзя создавать новые узлы)
2026-04-06T03:10:30.040387,1627,1.0,слова,2,научный,0.810,False,масштаб 1.0 frozen (нельзя создавать новые узлы)
2026-04-06T03:10:30.397389,1631,1.0,слова,1,бытовой,0.812,False,масштаб 1.0 frozen (нельзя создавать новые узлы)
2026-04-06T03:10:30.703389,1634,1.0,слова,2,научный,0.823,False,масштаб 1.0 frozen (нельзя создавать новые узлы)
2026-04-06T03:10:31.590385,1645,1.0,слова,2,научный,0.831,False,масштаб 1.0 frozen (нельзя создавать новые узлы)
2026-04-06T03:10:32.667386,1658,1.0,слова,2,научный,0.822,False,масштаб 1.0 frozen (нельзя создавать новые узлы)
2026-04-06T03:10:33.006384,1662,1.0,слова,2,научный,0.832,False,масштаб 1.0 frozen (нельзя создавать новые узлы)
2026-04-06T03:10:33.171383,1664,1.0,слова,2,научный,0.809,False,масштаб 1.0 frozen (нельзя создавать новые узлы)
2026-04-06T03:10:34.173386,1676,1.0,слова,3,ВММП,0.825,False,масштаб 1.0 frozen (нельзя создавать новые узлы)
2026-04-06T03:10:34.256387,1677,1.0,слова,3,ВММП,0.815,False,масштаб 1.0 frozen (нельзя создавать новые узлы)
2026-04-06T03:10:34.592386,1681,1.0,слова,2,научный,0.811,False,масштаб 1.0 frozen (нельзя создавать новые узлы)
2026-04-06T03:10:34.828387,1684,1.0,слова,2,научный,0.831,False,масштаб 1.0 frozen (нельзя создавать новые узлы)
2026-04-06T03:10:35.450386,1692,1.0,слова,2,научный,0.835,False,масштаб 1.0 frozen (нельзя создавать новые узлы)
2026-04-06T03:10:35.696385,1695,1.0,слова,3,ВММП,0.831,False,масштаб 1.0 frozen (нельзя создавать новые узлы)
2026-04-06T03:10:36.753385,1708,1.0,слова,2,научный,0.830,False,масштаб 1.0 frozen (нельзя создавать новые узлы)
2026-04-06T03:10:37.146387,1713,1.0,слова,4,метафорический,0.825,False,масштаб 1.0 frozen (нельзя создавать новые узлы)
2026-04-06T03:10:37.460385,1717,1.0,слова,3,ВММП,0.834,False,масштаб 1.0 frozen (нельзя создавать новые узлы)
2026-04-06T03:10:38.186388,1726,1.0,слова,3,ВММП,0.833,False,масштаб 1.0 frozen (нельзя создавать новые узлы)
2026-04-06T03:10:38.602387,1731,1.0,слова,3,ВММП,0.828,False,масштаб 1.0 frozen (нельзя создавать новые узлы)
2026-04-06T03:10:38.926384,1735,1.0,слова,3,ВММП,0.831,False,масштаб 1.0 frozen (нельзя создавать новые узлы)
2026-04-06T03:10:39.169386,1738,1.0,слова,2,научный,0.835,False,масштаб 1.0 frozen (нельзя создавать новые узлы)
2026-04-06T03:10:40.030381,1749,1.0,слова,2,научный,0.818,False,масштаб 1.0 frozen (нельзя создавать новые узлы)
2026-04-06T03:10:40.525386,1754,1.0,слова,4,метафорический,0.826,False,масштаб 1.0 frozen (нельзя создавать новые узлы)
2026-04-06T03:10:40.627387,1755,1.0,слова,4,метафорический,0.816,False,масштаб 1.0 frozen (нельзя создавать новые узлы)
2026-04-06T03:10:41.195388,1762,1.0,слова,3,ВММП,0.832,False,масштаб 1.0 frozen (нельзя создавать новые узлы)
2026-04-06T03:10:42.334386,1776,1.0,слова,4,метафорический,0.825,False,масштаб 1.0 frozen (нельзя создавать новые узлы)
2026-04-06T03:10:42.423388,1777,1.0,слова,3,ВММП,0.831,False,масштаб 1.0 frozen (нельзя создавать новые узлы)
2026-04-06T03:10:43.074385,1785,1.0,слова,2,научный,0.822,False,масштаб 1.0 frozen (нельзя создавать новые узлы)
2026-04-06T03:10:43.470382,1790,1.0,слова,2,научный,0.828,False,масштаб 1.0 frozen (нельзя создавать новые узлы)
2026-04-06T03:10:43.709388,1793,1.0,слова,2,научный,0.833,False,масштаб 1.0 frozen (нельзя создавать новые узлы)
2026-04-06T03:10:44.193388,1799,1.0,слова,2,научный,0.819,False,масштаб 1.0 frozen (нельзя создавать новые узлы)
2026-04-06T03:10:44.666384,1805,1.0,слова,4,метафорический,0.815,False,масштаб 1.0 frozen (нельзя создавать новые узлы)
2026-04-06T03:10:46.535387,1828,1.0,слова,2,научный,0.809,False,масштаб 1.0 frozen (нельзя создавать новые узлы)
2026-04-06T03:10:46.617384,1829,1.0,слова,3,ВММП,0.811,False,масштаб 1.0 frozen (нельзя создавать новые узлы)
2026-04-06T03:10:47.273385,1837,1.0,слова,3,ВММП,0.817,False,масштаб 1.0 frozen (нельзя создавать новые узлы)
2026-04-06T03:10:47.939386,1845,1.0,слова,2,научный,0.835,False,масштаб 1.0 frozen (нельзя создавать новые узлы)
2026-04-06T03:10:48.104382,1847,1.0,слова,2,научный,0.818,False,масштаб 1.0 frozen (нельзя создавать новые узлы)
2026-04-06T03:10:48.583384,1853,1.0,слова,2,научный,0.829,False,масштаб 1.0 frozen (нельзя создавать новые узлы)
2026-04-06T03:10:49.277385,1862,1.0,слова,3,ВММП,0.809,False,масштаб 1.0 frozen (нельзя создавать новые узлы)
2026-04-06T03:10:51.218387,1886,1.0,слова,3,ВММП,0.838,False,масштаб 1.0 frozen (нельзя создавать новые узлы)
2026-04-06T03:10:51.793381,1893,1.0,слова,2,научный,0.822,False,масштаб 1.0 frozen (нельзя создавать новые узлы)
2026-04-06T03:10:51.956386,1895,1.0,слова,1,бытовой,0.836,False,масштаб 1.0 frozen (нельзя создавать новые узлы)
2026-04-06T03:10:52.282384,1899,1.0,слова,2,научный,0.827,False,масштаб 1.0 frozen (нельзя создавать новые узлы)
2026-04-06T03:10:52.376386,1900,1.0,слова,4,метафорический,0.831,False,масштаб 1.0 frozen (нельзя создавать новые узлы)
2026-04-06T03:10:53.155410,1909,1.0,слова,2,научный,0.811,False,масштаб 1.0 frozen (нельзя создавать новые узлы)
2026-04-06T03:10:54.012382,1920,1.0,слова,2,научный,0.813,False,масштаб 1.0 frozen (нельзя создавать новые узлы)
2026-04-06T03:10:55.215385,1935,1.0,слова,2,научный,0.811,False,масштаб 1.0 frozen (нельзя создавать новые узлы)
2026-04-06T03:10:55.445388,1938,1.0,слова,2,научный,0.819,False,масштаб 1.0 frozen (нельзя создавать новые узлы)
2026-04-06T03:10:55.519385,1939,1.0,слова,2,научный,0.833,False,масштаб 1.0 frozen (нельзя создавать новые узлы)
2026-04-06T03:10:57.772384,1967,1.0,слова,2,научный,0.809,False,масштаб 1.0 frozen (нельзя создавать новые узлы)
2026-04-06T03:10:58.095388,1971,1.0,слова,3,ВММП,0.816,False,масштаб 1.0 frozen (нельзя создавать новые узлы)
2026-04-06T03:10:58.326384,1974,1.0,слова,3,ВММП,0.808,False,масштаб 1.0 frozen (нельзя создавать новые узлы)
2026-04-06T03:10:58.823386,1980,1.0,слова,3,ВММП,0.810,False,масштаб 1.0 frozen (нельзя создавать новые узлы)
2026-04-06T03:11:00.311386,1999,1.0,слова,3,ВММП,0.812,False,масштаб 1.0 frozen (нельзя создавать новые узлы)
2026-04-06T03:11:00.978384,2007,1.0,слова,3,ВММП,0.815,False,масштаб 1.0 frozen (нельзя создавать новые узлы)
2026-04-06T03:11:01.402389,2012,1.0,слова,4,метафорический,0.823,False,масштаб 1.0 frozen (нельзя создавать новые узлы)
2026-04-06T03:11:01.550388,2013,1.0,слова,3,ВММП,0.820,False,масштаб 1.0 frozen (нельзя создавать новые узлы)
2026-04-06T03:11:01.807382,2016,1.0,слова,3,ВММП,0.824,False,масштаб 1.0 frozen (нельзя создавать новые узлы)
2026-04-06T03:11:01.890384,2017,1.0,слова,1,бытовой,0.814,False,масштаб 1.0 frozen (нельзя создавать новые узлы)
2026-04-06T03:11:03.865388,2041,1.0,слова,3,ВММП,0.828,False,масштаб 1.0 frozen (нельзя создавать новые узлы)
2026-04-06T03:11:04.708388,2051,1.0,слова,1,бытовой,0.824,False,масштаб 1.0 frozen (нельзя создавать новые узлы)
2026-04-06T03:11:04.795384,2052,1.0,слова,4,метафорический,0.826,False,масштаб 1.0 frozen (нельзя создавать новые узлы)
2026-04-06T03:11:06.013386,2066,1.0,слова,3,ВММП,0.813,False,масштаб 1.0 frozen (нельзя создавать новые узлы)
2026-04-06T03:11:06.589388,2073,1.0,слова,4,метафорический,0.813,False,масштаб 1.0 frozen (нельзя создавать новые узлы)
2026-04-06T03:11:07.414385,2083,1.0,слова,3,ВММП,0.826,False,масштаб 1.0 frozen (нельзя создавать новые узлы)
2026-04-06T03:11:07.745385,2087,1.0,слова,2,научный,0.833,False,масштаб 1.0 frozen (нельзя создавать новые узлы)
2026-04-06T03:11:08.155385,2092,1.0,слова,4,метафорический,0.811,False,масштаб 1.0 frozen (нельзя создавать новые узлы)
2026-04-06T03:11:08.238386,2093,1.0,слова,4,метафорический,0.815,False,масштаб 1.0 frozen (нельзя создавать новые узлы)
2026-04-06T03:11:08.559383,2097,1.0,слова,2,научный,0.822,False,масштаб 1.0 frozen (нельзя создавать новые узлы)
2026-04-06T03:11:09.756387,2112,1.0,слова,2,научный,0.810,False,масштаб 1.0 frozen (нельзя создавать новые узлы)
2026-04-06T03:11:10.504386,2121,1.0,слова,2,научный,0.837,False,масштаб 1.0 frozen (нельзя создавать новые узлы)
2026-04-06T03:11:12.273392,2142,1.0,слова,3,ВММП,0.837,False,масштаб 1.0 frozen (нельзя создавать новые узлы)
2026-04-06T03:11:13.522386,2157,1.0,слова,2,научный,0.830,False,масштаб 1.0 frozen (нельзя создавать новые узлы)
2026-04-06T03:11:14.307389,2167,1.0,слова,3,ВММП,0.817,False,масштаб 1.0 frozen (нельзя создавать новые узлы)
2026-04-06T03:11:14.630383,2171,1.0,слова,4,метафорический,0.817,False,масштаб 1.0 frozen (нельзя создавать новые узлы)
2026-04-06T03:11:15.272387,2179,1.0,слова,2,научный,0.832,False,масштаб 1.0 frozen (нельзя создавать новые узлы)
2026-04-06T03:11:16.009388,2188,1.0,слова,2,научный,0.836,False,масштаб 1.0 frozen (нельзя создавать новые узлы)
2026-04-06T03:11:16.753383,2197,1.0,слова,1,бытовой,0.813,False,масштаб 1.0 frozen (нельзя создавать новые узлы)
2026-04-06T03:11:16.835392,2198,1.0,слова,1,бытовой,0.829,False,масштаб 1.0 frozen (нельзя создавать новые узлы)
2026-04-06T03:11:16.914382,2199,1.0,слова,1,бытовой,0.812,False,масштаб 1.0 frozen (нельзя создавать новые узлы)
2026-04-06T03:11:17.572389,2207,1.0,слова,4,метафорический,0.819,False,масштаб 1.0 frozen (нельзя создавать новые узлы)
2026-04-06T03:11:18.357385,2214,1.0,слова,4,метафорический,0.828,False,масштаб 1.0 frozen (нельзя создавать новые узлы)
2026-04-06T03:11:18.605383,2217,1.0,слова,3,ВММП,0.820,False,масштаб 1.0 frozen (нельзя создавать новые узлы)
2026-04-06T03:11:20.636387,2242,1.0,слова,1,бытовой,0.833,False,масштаб 1.0 frozen (нельзя создавать новые узлы)
2026-04-06T03:11:21.036389,2247,1.0,слова,3,ВММП,0.813,False,масштаб 1.0 frozen (нельзя создавать новые узлы)
2026-04-06T03:11:21.196381,2249,1.0,слова,2,научный,0.810,False,масштаб 1.0 frozen (нельзя создавать новые узлы)
2026-04-06T03:11:21.516388,2253,1.0,слова,3,ВММП,0.837,False,масштаб 1.0 frozen (нельзя создавать новые узлы)
2026-04-06T03:11:22.864387,2269,1.0,слова,4,метафорический,0.833,False,масштаб 1.0 frozen (нельзя создавать новые узлы)
2026-04-06T03:11:23.494388,2277,1.0,слова,2,научный,0.811,False,масштаб 1.0 frozen (нельзя создавать новые узлы)
2026-04-06T03:11:23.581386,2278,1.0,слова,3,ВММП,0.815,False,масштаб 1.0 frozen (нельзя создавать новые узлы)
2026-04-06T03:11:23.981384,2283,1.0,слова,3,ВММП,0.838,False,масштаб 1.0 frozen (нельзя создавать новые узлы)
2026-04-06T03:11:24.722387,2292,1.0,слова,2,научный,0.821,False,масштаб 1.0 frozen (нельзя создавать новые узлы)
2026-04-06T03:11:26.168387,2310,1.0,слова,4,метафорический,0.826,False,масштаб 1.0 frozen (нельзя создавать новые узлы)
2026-04-06T03:11:26.640387,2316,1.0,слова,2,научный,0.823,False,масштаб 1.0 frozen (нельзя создавать новые узлы)
2026-04-06T03:11:27.032388,2321,1.0,слова,2,научный,0.823,False,масштаб 1.0 frozen (нельзя создавать новые узлы)
2026-04-06T03:11:27.758386,2330,1.0,слова,3,ВММП,0.814,False,масштаб 1.0 frozen (нельзя создавать новые узлы)
2026-04-06T03:11:27.845388,2331,1.0,слова,4,метафорический,0.824,False,масштаб 1.0 frozen (нельзя создавать новые узлы)
2026-04-06T03:11:28.335389,2337,1.0,слова,2,научный,0.829,False,масштаб 1.0 frozen (нельзя создавать новые узлы)
2026-04-06T03:11:28.937389,2344,1.0,слова,4,метафорический,0.814,False,масштаб 1.0 frozen (нельзя создавать новые узлы)
2026-04-06T03:11:30.157383,2359,1.0,слова,2,научный,0.825,False,масштаб 1.0 frozen (нельзя создавать новые узлы)
2026-04-06T03:11:30.798386,2365,1.0,слова,4,метафорический,0.820,False,масштаб 1.0 frozen (нельзя создавать новые узлы)
2026-04-06T03:11:31.340387,2372,1.0,слова,1,бытовой,0.830,False,масштаб 1.0 frozen (нельзя создавать новые узлы)
2026-04-06T03:11:32.079388,2381,1.0,слова,3,ВММП,0.811,False,масштаб 1.0 frozen (нельзя создавать новые узлы)
2026-04-06T03:11:32.409388,2385,1.0,слова,3,ВММП,0.825,False,масштаб 1.0 frozen (нельзя создавать новые узлы)
2026-04-06T03:11:32.908389,2391,1.0,слова,2,научный,0.834,False,масштаб 1.0 frozen (нельзя создавать новые узлы)
2026-04-06T03:11:33.394387,2397,1.0,слова,3,ВММП,0.824,False,масштаб 1.0 frozen (нельзя создавать новые узлы)
2026-04-06T03:11:34.544385,2411,1.0,слова,3,ВММП,0.818,False,масштаб 1.0 frozen (нельзя создавать новые узлы)
2026-04-06T03:11:35.842387,2427,1.0,слова,3,ВММП,0.809,False,масштаб 1.0 frozen (нельзя создавать новые узлы)
2026-04-06T03:11:36.493383,2435,1.0,слова,3,ВММП,0.836,False,масштаб 1.0 frozen (нельзя создавать новые узлы)
2026-04-06T03:11:36.662386,2437,1.0,слова,4,метафорический,0.838,False,масштаб 1.0 frozen (нельзя создавать новые узлы)
2026-04-06T03:11:36.738383,2438,1.0,слова,3,ВММП,0.818,False,масштаб 1.0 frozen (нельзя создавать новые узлы)
2026-04-06T03:11:36.972382,2441,1.0,слова,2,научный,0.824,False,масштаб 1.0 frozen (нельзя создавать новые узлы)
2026-04-06T03:11:37.134386,2443,1.0,слова,3,ВММП,0.821,False,масштаб 1.0 frozen (нельзя создавать новые узлы)
2026-04-06T03:11:38.349388,2458,1.0,слова,4,метафорический,0.809,False,масштаб 1.0 frozen (нельзя создавать новые узлы)
2026-04-06T03:11:38.923384,2465,1.0,слова,3,ВММП,0.822,False,масштаб 1.0 frozen (нельзя создавать новые узлы)
2026-04-06T03:11:42.009386,2503,1.0,слова,4,метафорический,0.817,False,масштаб 1.0 frozen (нельзя создавать новые узлы)
2026-04-06T03:11:42.094385,2504,1.0,слова,2,научный,0.822,False,масштаб 1.0 frozen (нельзя создавать новые узлы)
2026-04-06T03:11:42.165386,2505,1.0,слова,3,ВММП,0.825,False,масштаб 1.0 frozen (нельзя создавать новые узлы)
2026-04-06T03:11:42.594383,2510,1.0,слова,2,научный,0.828,False,масштаб 1.0 frozen (нельзя создавать новые узлы)
2026-04-06T03:11:43.013381,2513,1.0,слова,2,научный,0.825,False,масштаб 1.0 frozen (нельзя создавать новые узлы)
2026-04-06T03:11:44.234387,2528,1.0,слова,2,научный,0.827,False,масштаб 1.0 frozen (нельзя создавать новые узлы)
2026-04-06T03:11:44.749386,2534,1.0,слова,2,научный,0.822,False,масштаб 1.0 frozen (нельзя создавать новые узлы)
2026-04-06T03:11:45.657381,2545,1.0,слова,3,ВММП,0.831,False,масштаб 1.0 frozen (нельзя создавать новые узлы)
2026-04-06T03:11:47.478381,2567,1.0,слова,4,метафорический,0.825,False,масштаб 1.0 frozen (нельзя создавать новые узлы)
2026-04-06T03:11:47.950390,2573,1.0,слова,3,ВММП,0.835,False,масштаб 1.0 frozen (нельзя создавать новые узлы)
2026-04-06T03:11:48.358386,2578,1.0,слова,2,научный,0.816,False,масштаб 1.0 frozen (нельзя создавать новые узлы)
2026-04-06T03:11:50.629382,2605,1.0,слова,2,научный,0.822,False,масштаб 1.0 frozen (нельзя создавать новые узлы)
2026-04-06T03:11:54.915388,2655,1.0,слова,2,научный,0.814,False,масштаб 1.0 frozen (нельзя создавать новые узлы)
2026-04-06T03:11:56.204387,2671,1.0,слова,2,научный,0.812,False,масштаб 1.0 frozen (нельзя создавать новые узлы)
2026-04-06T03:11:56.509382,2675,1.0,слова,2,научный,0.832,False,масштаб 1.0 frozen (нельзя создавать новые узлы)
2026-04-06T03:11:56.818388,2679,1.0,слова,2,научный,0.812,False,масштаб 1.0 frozen (нельзя создавать новые узлы)
2026-04-06T03:11:57.534388,2688,1.0,слова,2,научный,0.826,False,масштаб 1.0 frozen (нельзя создавать новые узлы)
2026-04-06T03:11:58.182387,2696,1.0,слова,3,ВММП,0.814,False,масштаб 1.0 frozen (нельзя создавать новые узлы)
2026-04-06T03:11:58.678387,2702,1.0,слова,2,научный,0.837,False,масштаб 1.0 frozen (нельзя создавать новые узлы)
2026-04-06T03:12:00.041389,2719,1.0,слова,3,ВММП,0.837,False,масштаб 1.0 frozen (нельзя создавать новые узлы)
2026-04-06T03:12:00.207381,2721,1.0,слова,2,научный,0.812,False,масштаб 1.0 frozen (нельзя создавать новые узлы)
2026-04-06T03:12:01.219383,2733,1.0,слова,1,бытовой,0.816,False,масштаб 1.0 frozen (нельзя создавать новые узлы)
2026-04-06T03:12:01.705389,2738,1.0,слова,2,научный,0.828,False,масштаб 1.0 frozen (нельзя создавать новые узлы)
2026-04-06T03:12:02.176386,2743,1.0,слова,3,ВММП,0.818,False,масштаб 1.0 frozen (нельзя создавать новые узлы)
2026-04-06T03:12:02.625383,2746,1.0,слова,2,научный,0.820,False,масштаб 1.0 frozen (нельзя создавать новые узлы)
2026-04-06T03:12:02.911386,2749,1.0,слова,4,метафорический,0.811,False,масштаб 1.0 frozen (нельзя создавать новые узлы)
2026-04-06T03:12:03.323387,2754,1.0,слова,2,научный,0.813,False,масштаб 1.0 frozen (нельзя создавать новые узлы)
2026-04-06T03:12:03.493386,2756,1.0,слова,4,метафорический,0.824,False,масштаб 1.0 frozen (нельзя создавать новые узлы)
2026-04-06T03:12:04.320387,2766,1.0,слова,2,научный,0.827,False,масштаб 1.0 frozen (нельзя создавать новые узлы)
2026-04-06T03:12:05.568388,2781,1.0,слова,2,научный,0.817,False,масштаб 1.0 frozen (нельзя создавать новые узлы)
2026-04-06T03:12:06.775386,2795,1.0,слова,3,ВММП,0.812,False,масштаб 1.0 frozen (нельзя создавать новые узлы)
2026-04-06T03:12:06.865390,2796,1.0,слова,4,метафорический,0.836,False,масштаб 1.0 frozen (нельзя создавать новые узлы)
2026-04-06T03:12:07.040387,2798,1.0,слова,1,бытовой,0.825,False,масштаб 1.0 frozen (нельзя создавать новые узлы)
2026-04-06T03:12:07.460385,2803,1.0,слова,2,научный,0.816,False,масштаб 1.0 frozen (нельзя создавать новые узлы)
2026-04-06T03:12:07.797386,2807,1.0,слова,2,научный,0.821,False,масштаб 1.0 frozen (нельзя создавать новые узлы)
2026-04-06T03:12:08.664387,2817,1.0,слова,3,ВММП,0.826,False,масштаб 1.0 frozen (нельзя создавать новые узлы)
2026-04-06T03:12:09.161388,2823,1.0,слова,3,ВММП,0.827,False,масштаб 1.0 frozen (нельзя создавать новые узлы)
2026-04-06T03:12:09.500387,2827,1.0,слова,2,научный,0.827,False,масштаб 1.0 frozen (нельзя создавать новые узлы)
2026-04-06T03:12:11.009387,2844,1.0,слова,3,ВММП,0.812,False,масштаб 1.0 frozen (нельзя создавать новые узлы)
2026-04-06T03:12:11.161388,2846,1.0,слова,4,метафорический,0.812,False,масштаб 1.0 frozen (нельзя создавать новые узлы)
2026-04-06T03:12:11.240385,2847,1.0,слова,2,научный,0.835,False,масштаб 1.0 frozen (нельзя создавать новые узлы)
2026-04-06T03:12:12.153389,2858,1.0,слова,2,научный,0.817,False,масштаб 1.0 frozen (нельзя создавать новые узлы)
2026-04-06T03:12:12.314387,2860,1.0,слова,4,метафорический,0.836,False,масштаб 1.0 frozen (нельзя создавать новые узлы)
2026-04-06T03:12:12.478387,2862,1.0,слова,3,ВММП,0.829,False,масштаб 1.0 frozen (нельзя создавать новые узлы)
2026-04-06T03:12:13.091391,2869,1.0,слова,4,метафорический,0.809,False,масштаб 1.0 frozen (нельзя создавать новые узлы)
2026-04-06T03:12:15.876385,2902,1.0,слова,3,ВММП,0.837,False,масштаб 1.0 frozen (нельзя создавать новые узлы)
2026-04-06T03:12:16.483388,2909,1.0,слова,4,метафорический,0.810,False,масштаб 1.0 frozen (нельзя создавать новые узлы)
2026-04-06T03:12:17.065386,2913,1.0,слова,3,ВММП,0.828,False,масштаб 1.0 frozen (нельзя создавать новые узлы)
2026-04-06T03:12:17.157386,2914,1.0,слова,2,научный,0.835,False,масштаб 1.0 frozen (нельзя создавать новые узлы)
2026-04-06T03:12:19.178384,2937,1.0,слова,2,научный,0.817,False,масштаб 1.0 frozen (нельзя создавать новые узлы)
2026-04-06T03:12:19.602387,2942,1.0,слова,3,ВММП,0.826,False,масштаб 1.0 frozen (нельзя создавать новые узлы)
2026-04-06T03:12:19.853390,2945,1.0,слова,2,научный,0.832,False,масштаб 1.0 frozen (нельзя создавать новые узлы)
2026-04-06T03:12:20.101389,2948,1.0,слова,2,научный,0.813,False,масштаб 1.0 frozen (нельзя создавать новые узлы)
2026-04-06T03:12:20.187388,2949,1.0,слова,4,метафорический,0.820,False,масштаб 1.0 frozen (нельзя создавать новые узлы)
2026-04-06T03:12:20.520383,2953,1.0,слова,4,метафорический,0.825,False,масштаб 1.0 frozen (нельзя создавать новые узлы)
2026-04-06T03:12:21.540383,2965,1.0,слова,4,метафорический,0.813,False,масштаб 1.0 frozen (нельзя создавать новые узлы)
2026-04-06T03:12:22.870387,2979,1.0,слова,4,метафорический,0.834,False,масштаб 1.0 frozen (нельзя создавать новые узлы)
2026-04-06T03:12:24.426387,2997,1.0,слова,2,научный,0.818,False,масштаб 1.0 frozen (нельзя создавать новые узлы)
2026-04-06T03:12:24.512385,2998,1.0,слова,3,ВММП,0.822,False,масштаб 1.0 frozen (нельзя создавать новые узлы)
2026-04-06T03:12:28.346387,3044,1.0,слова,4,метафорический,0.823,False,масштаб 1.0 frozen (нельзя создавать новые узлы)
2026-04-06T03:12:29.253382,3055,1.0,слова,2,научный,0.817,False,масштаб 1.0 frozen (нельзя создавать новые узлы)
2026-04-06T03:12:30.700390,3070,1.0,слова,2,научный,0.830,False,масштаб 1.0 frozen (нельзя создавать новые узлы)
2026-04-06T03:12:30.871384,3072,1.0,слова,4,метафорический,0.821,False,масштаб 1.0 frozen (нельзя создавать новые узлы)
2026-04-06T03:12:31.247386,3076,1.0,слова,2,научный,0.818,False,масштаб 1.0 frozen (нельзя создавать новые узлы)
2026-04-06T03:12:32.004386,3085,1.0,слова,2,научный,0.835,False,масштаб 1.0 frozen (нельзя создавать новые узлы)
2026-04-06T03:12:32.324388,3088,1.0,слова,3,ВММП,0.813,False,масштаб 1.0 frozen (нельзя создавать новые узлы)
2026-04-06T03:12:32.407389,3089,1.0,слова,3,ВММП,0.832,False,масштаб 1.0 frozen (нельзя создавать новые узлы)
2026-04-06T03:12:32.490386,3090,1.0,слова,1,бытовой,0.835,False,масштаб 1.0 frozen (нельзя создавать новые узлы)
2026-04-06T03:12:32.656387,3092,1.0,слова,2,научный,0.820,False,масштаб 1.0 frozen (нельзя создавать новые узлы)
2026-04-06T03:12:32.990387,3096,1.0,слова,4,метафорический,0.828,False,масштаб 1.0 frozen (нельзя создавать новые узлы)
2026-04-06T03:12:35.260388,3122,1.0,слова,2,научный,0.822,False,масштаб 1.0 frozen (нельзя создавать новые узлы)
2026-04-06T03:12:35.666388,3127,1.0,слова,4,метафорический,0.831,False,масштаб 1.0 frozen (нельзя создавать новые узлы)
2026-04-06T03:12:36.253388,3134,1.0,слова,3,ВММП,0.815,False,масштаб 1.0 frozen (нельзя создавать новые узлы)
2026-04-06T03:12:38.371388,3159,1.0,слова,1,бытовой,0.828,False,масштаб 1.0 frozen (нельзя создавать новые узлы)
2026-04-06T03:12:38.562386,3161,1.0,слова,2,научный,0.809,False,масштаб 1.0 frozen (нельзя создавать новые узлы)
2026-04-06T03:12:39.376387,3171,1.0,слова,3,ВММП,0.837,False,масштаб 1.0 frozen (нельзя создавать новые узлы)
2026-04-06T03:12:39.527387,3173,1.0,слова,4,метафорический,0.810,False,масштаб 1.0 frozen (нельзя создавать новые узлы)
2026-04-06T03:12:40.275384,3182,1.0,слова,4,метафорический,0.809,False,масштаб 1.0 frozen (нельзя создавать новые узлы)
2026-04-06T03:12:41.984387,3202,1.0,слова,2,научный,0.813,False,масштаб 1.0 frozen (нельзя создавать новые узлы)
2026-04-06T03:12:42.475385,3208,1.0,слова,3,ВММП,0.819,False,масштаб 1.0 frozen (нельзя создавать новые узлы)
2026-04-06T03:12:42.635389,3210,1.0,слова,2,научный,0.814,False,масштаб 1.0 frozen (нельзя создавать новые узлы)
2026-04-06T03:12:44.208388,3228,1.0,слова,3,ВММП,0.834,False,масштаб 1.0 frozen (нельзя создавать новые узлы)
2026-04-06T03:12:44.446385,3231,1.0,слова,2,научный,0.814,False,масштаб 1.0 frozen (нельзя создавать новые узлы)
2026-04-06T03:12:46.387386,3254,1.0,слова,3,ВММП,0.821,False,масштаб 1.0 frozen (нельзя создавать новые узлы)
2026-04-06T03:12:46.713389,3258,1.0,слова,3,ВММП,0.838,False,масштаб 1.0 frozen (нельзя создавать новые узлы)
2026-04-06T03:12:48.986386,3285,1.0,слова,1,бытовой,0.825,False,масштаб 1.0 frozen (нельзя создавать новые узлы)
2026-04-06T03:12:49.236387,3288,1.0,слова,3,ВММП,0.826,False,масштаб 1.0 frozen (нельзя создавать новые узлы)
2026-04-06T03:12:49.880386,3296,1.0,слова,2,научный,0.812,False,масштаб 1.0 frozen (нельзя создавать новые узлы)
2026-04-06T03:12:50.950385,3309,1.0,слова,2,научный,0.815,False,масштаб 1.0 frozen (нельзя создавать новые узлы)
2026-04-06T03:12:52.118386,3323,1.0,слова,1,бытовой,0.818,False,масштаб 1.0 frozen (нельзя создавать новые узлы)
2026-04-06T03:12:52.289388,3325,1.0,слова,4,метафорический,0.825,False,масштаб 1.0 frozen (нельзя создавать новые узлы)
2026-04-06T03:12:53.312385,3337,1.0,слова,2,научный,0.815,False,масштаб 1.0 frozen (нельзя создавать новые узлы)
2026-04-06T03:12:55.208389,3359,1.0,слова,3,ВММП,0.817,False,масштаб 1.0 frozen (нельзя создавать новые узлы)
2026-04-06T03:12:55.376388,3361,1.0,слова,1,бытовой,0.823,False,масштаб 1.0 frozen (нельзя создавать новые узлы)
2026-04-06T03:12:56.667387,3376,1.0,слова,1,бытовой,0.810,False,масштаб 1.0 frozen (нельзя создавать новые узлы)
2026-04-06T03:12:57.516388,3386,1.0,слова,2,научный,0.833,False,масштаб 1.0 frozen (нельзя создавать новые узлы)
2026-04-06T03:12:57.687387,3388,1.0,слова,3,ВММП,0.814,False,масштаб 1.0 frozen (нельзя создавать новые узлы)
2026-04-06T03:12:58.184384,3392,1.0,слова,2,научный,0.834,False,масштаб 1.0 frozen (нельзя создавать новые узлы)
2026-04-06T03:12:58.725389,3396,1.0,слова,1,бытовой,0.830,False,масштаб 1.0 frozen (нельзя создавать новые узлы)
2026-04-06T03:12:59.055391,3400,1.0,слова,3,ВММП,0.835,False,масштаб 1.0 frozen (нельзя создавать новые узлы)
2026-04-06T03:13:01.433388,3429,1.0,слова,1,бытовой,0.813,False,масштаб 1.0 frozen (нельзя создавать новые узлы)
2026-04-06T03:13:01.516386,3430,1.0,слова,2,научный,0.816,False,масштаб 1.0 frozen (нельзя создавать новые узлы)
2026-04-06T03:13:01.834384,3434,1.0,слова,3,ВММП,0.819,False,масштаб 1.0 frozen (нельзя создавать новые узлы)
2026-04-06T03:13:01.977387,3436,1.0,слова,1,бытовой,0.813,False,масштаб 1.0 frozen (нельзя создавать новые узлы)
2026-04-06T03:13:02.044387,3437,1.0,слова,2,научный,0.830,False,масштаб 1.0 frozen (нельзя создавать новые узлы)
2026-04-06T03:13:02.368386,3441,1.0,слова,4,метафорический,0.811,False,масштаб 1.0 frozen (нельзя создавать новые узлы)
2026-04-06T03:13:03.553388,3456,1.0,слова,2,научный,0.813,False,масштаб 1.0 frozen (нельзя создавать новые узлы)
2026-04-06T03:13:04.769384,3471,1.0,слова,2,научный,0.813,False,масштаб 1.0 frozen (нельзя создавать новые узлы)
2026-04-06T03:13:05.181386,3476,1.0,слова,4,метафорический,0.812,False,масштаб 1.0 frozen (нельзя создавать новые узлы)
2026-04-06T03:13:05.353385,3478,1.0,слова,4,метафорический,0.828,False,масштаб 1.0 frozen (нельзя создавать новые узлы)
2026-04-06T03:13:05.427383,3479,1.0,слова,1,бытовой,0.833,False,масштаб 1.0 frozen (нельзя создавать новые узлы)
2026-04-06T03:13:05.874384,3485,1.0,слова,2,научный,0.837,False,масштаб 1.0 frozen (нельзя создавать новые узлы)
2026-04-06T03:13:06.201385,3489,1.0,слова,4,метафорический,0.833,False,масштаб 1.0 frozen (нельзя создавать новые узлы)
2026-04-06T03:13:06.775387,3496,1.0,слова,3,ВММП,0.820,False,масштаб 1.0 frozen (нельзя создавать новые узлы)
2026-04-06T03:13:06.926385,3498,1.0,слова,3,ВММП,0.818,False,масштаб 1.0 frozen (нельзя создавать новые узлы)
2026-04-06T03:13:07.004386,3499,1.0,слова,2,научный,0.828,False,масштаб 1.0 frozen (нельзя создавать новые узлы)
2026-04-06T03:13:07.791388,3507,1.0,слова,3,ВММП,0.837,False,масштаб 1.0 frozen (нельзя создавать новые узлы)
2026-04-06T03:13:07.870385,3508,1.0,слова,2,научный,0.818,False,масштаб 1.0 frozen (нельзя создавать новые узлы)
2026-04-06T03:13:09.056384,3522,1.0,слова,4,метафорический,0.815,False,масштаб 1.0 frozen (нельзя создавать новые узлы)
2026-04-06T03:13:11.042382,3546,1.0,слова,3,ВММП,0.838,False,масштаб 1.0 frozen (нельзя создавать новые узлы)
2026-04-06T03:13:11.532388,3552,1.0,слова,2,научный,0.823,False,масштаб 1.0 frozen (нельзя создавать новые узлы)
2026-04-06T03:13:12.250382,3561,1.0,слова,3,ВММП,0.815,False,масштаб 1.0 frozen (нельзя создавать новые узлы)
2026-04-06T03:13:12.746387,3567,1.0,слова,3,ВММП,0.810,False,масштаб 1.0 frozen (нельзя создавать новые узлы)
2026-04-06T03:13:13.412386,3575,1.0,слова,4,метафорический,0.821,False,масштаб 1.0 frozen (нельзя создавать новые узлы)
2026-04-06T03:13:14.883387,3593,1.0,слова,2,научный,0.836,False,масштаб 1.0 frozen (нельзя создавать новые узлы)
2026-04-06T03:13:16.507388,3614,1.0,слова,3,ВММП,0.809,False,масштаб 1.0 frozen (нельзя создавать новые узлы)
2026-04-06T03:13:16.827384,3618,1.0,слова,4,метафорический,0.809,False,масштаб 1.0 frozen (нельзя создавать новые узлы)
2026-04-06T03:13:17.069384,3621,1.0,слова,1,бытовой,0.819,False,масштаб 1.0 frozen (нельзя создавать новые узлы)
2026-04-06T03:13:18.028388,3633,1.0,слова,3,ВММП,0.813,False,масштаб 1.0 frozen (нельзя создавать новые узлы)
2026-04-06T03:13:19.071386,3646,1.0,слова,2,научный,0.825,False,масштаб 1.0 frozen (нельзя создавать новые узлы)
2026-04-06T03:13:20.446382,3663,1.0,слова,3,ВММП,0.827,False,масштаб 1.0 frozen (нельзя создавать новые узлы)
2026-04-06T03:13:20.769382,3667,1.0,слова,2,научный,0.817,False,масштаб 1.0 frozen (нельзя создавать новые узлы)
2026-04-06T03:13:21.006381,3670,1.0,слова,3,ВММП,0.812,False,масштаб 1.0 frozen (нельзя создавать новые узлы)
2026-04-06T03:13:22.070387,3683,1.0,слова,4,метафорический,0.836,False,масштаб 1.0 frozen (нельзя создавать новые узлы)
2026-04-06T03:13:24.018389,3704,1.0,слова,3,ВММП,0.830,False,масштаб 1.0 frozen (нельзя создавать новые узлы)
2026-04-06T03:13:24.883388,3715,1.0,слова,4,метафорический,0.832,False,масштаб 1.0 frozen (нельзя создавать новые узлы)
2026-04-06T03:13:24.962384,3716,1.0,слова,1,бытовой,0.833,False,масштаб 1.0 frozen (нельзя создавать новые узлы)
2026-04-06T03:13:25.987389,3729,1.0,слова,4,метафорический,0.814,False,масштаб 1.0 frozen (нельзя создавать новые узлы)
2026-04-06T03:13:26.242386,3732,1.0,слова,3,ВММП,0.826,False,масштаб 1.0 frozen (нельзя создавать новые узлы)
2026-04-06T03:13:26.503388,3735,1.0,слова,4,метафорический,0.822,False,масштаб 1.0 frozen (нельзя создавать новые узлы)
2026-04-06T03:13:26.836385,3739,1.0,слова,3,ВММП,0.824,False,масштаб 1.0 frozen (нельзя создавать новые узлы)
2026-04-06T03:13:27.153384,3743,1.0,слова,1,бытовой,0.810,False,масштаб 1.0 frozen (нельзя создавать новые узлы)
2026-04-06T03:13:27.228387,3744,1.0,слова,2,научный,0.819,False,масштаб 1.0 frozen (нельзя создавать новые узлы)
2026-04-06T03:13:27.305386,3745,1.0,слова,4,метафорический,0.834,False,масштаб 1.0 frozen (нельзя создавать новые узлы)
2026-04-06T03:13:28.639383,3758,1.0,слова,2,научный,0.820,False,масштаб 1.0 frozen (нельзя создавать новые узлы)
2026-04-06T03:13:29.887388,3773,1.0,слова,3,ВММП,0.826,False,масштаб 1.0 frozen (нельзя создавать новые узлы)
2026-04-06T03:13:29.968381,3774,1.0,слова,4,метафорический,0.815,False,масштаб 1.0 frozen (нельзя создавать новые узлы)
2026-04-06T03:13:30.050387,3775,1.0,слова,2,научный,0.834,False,масштаб 1.0 frozen (нельзя создавать новые узлы)
2026-04-06T03:13:30.617387,3782,1.0,слова,2,научный,0.809,False,масштаб 1.0 frozen (нельзя создавать новые узлы)
2026-04-06T03:13:30.854386,3785,1.0,слова,3,ВММП,0.830,False,масштаб 1.0 frozen (нельзя создавать новые узлы)
2026-04-06T03:13:30.934382,3786,1.0,слова,1,бытовой,0.817,False,масштаб 1.0 frozen (нельзя создавать новые узлы)
2026-04-06T03:13:32.097387,3801,1.0,слова,2,научный,0.812,False,масштаб 1.0 frozen (нельзя создавать новые узлы)
2026-04-06T03:13:32.176386,3802,1.0,слова,1,бытовой,0.828,False,масштаб 1.0 frozen (нельзя создавать новые узлы)
2026-04-06T03:13:32.414388,3805,1.0,слова,3,ВММП,0.828,False,масштаб 1.0 frozen (нельзя создавать новые узлы)
2026-04-06T03:13:32.502386,3806,1.0,слова,2,научный,0.822,False,масштаб 1.0 frozen (нельзя создавать новые узлы)
2026-04-06T03:13:32.893384,3811,1.0,слова,2,научный,0.809,False,масштаб 1.0 frozen (нельзя создавать новые узлы)
2026-04-06T03:13:33.662383,3821,1.0,слова,1,бытовой,0.834,False,масштаб 1.0 frozen (нельзя создавать новые узлы)
2026-04-06T03:13:33.870388,3824,1.0,слова,2,научный,0.833,False,масштаб 1.0 frozen (нельзя создавать новые узлы)
2026-04-06T03:13:34.763386,3834,1.0,слова,4,метафорический,0.835,False,масштаб 1.0 frozen (нельзя создавать новые узлы)
2026-04-06T03:13:35.532384,3844,1.0,слова,3,ВММП,0.812,False,масштаб 1.0 frozen (нельзя создавать новые узлы)
2026-04-06T03:13:35.692383,3846,1.0,слова,3,ВММП,0.822,False,масштаб 1.0 frozen (нельзя создавать новые узлы)
2026-04-06T03:13:35.772384,3847,1.0,слова,1,бытовой,0.820,False,масштаб 1.0 frozen (нельзя создавать новые узлы)
2026-04-06T03:13:37.075381,3863,1.0,слова,2,научный,0.813,False,масштаб 1.0 frozen (нельзя создавать новые узлы)
2026-04-06T03:13:38.223387,3877,1.0,слова,2,научный,0.831,False,масштаб 1.0 frozen (нельзя создавать новые узлы)
2026-04-06T03:13:39.325385,3891,1.0,слова,1,бытовой,0.835,False,масштаб 1.0 frozen (нельзя создавать новые узлы)
